Date,Start (ET),AwayTeam,AwayPoints,HomeTeam,HomePoints
"Tue, Oct 22, 2019",8:00p,New Orleans Pelicans,122,Toronto Raptors,130
"Tue, Oct 22, 2019",10:30p,Los Angeles Lakers,102,Los Angeles Clippers,112
"Wed, Oct 23, 2019",7:00p,Chicago Bulls,125,Charlotte Hornets,126
"Wed, Oct 23, 2019",7:00p,Detroit Pistons,119,Indiana Pacers,110
"Wed, Oct 23, 2019",7:00p,Cleveland Cavaliers,85,Orlando Magic,94
"Wed, Oct 23, 2019",7:30p,Minnesota Timberwolves,127,Brooklyn Nets,126
"Wed, Oct 23, 2019",7:30p,Memphis Grizzlies,101,Miami Heat,120
"Wed, Oct 23, 2019",7:30p,Boston Celtics,93,Philadelphia 76ers,107
"Wed, Oct 23, 2019",8:30p,Washington Wizards,100,Dallas Mavericks,108
"Wed, Oct 23, 2019",8:30p,New York Knicks,111,San Antonio Spurs,120
"Wed, Oct 23, 2019",9:00p,Oklahoma City Thunder,95,Utah Jazz,100
"Wed, Oct 23, 2019",10:00p,Sacramento Kings,95,Phoenix Suns,124
"Wed, Oct 23, 2019",10:00p,Denver Nuggets,108,Portland Trail Blazers,100
"Thu, Oct 24, 2019",7:00p,Atlanta Hawks,117,Detroit Pistons,100
"Thu, Oct 24, 2019",8:00p,Milwaukee Bucks,117,Houston Rockets,111
"Thu, Oct 24, 2019",10:30p,Los Angeles Clippers,141,Golden State Warriors,122
"Fri, Oct 25, 2019",7:00p,Toronto Raptors,106,Boston Celtics,112
"Fri, Oct 25, 2019",7:00p,Minnesota Timberwolves,121,Charlotte Hornets,99
"Fri, Oct 25, 2019",7:30p,New York Knicks,109,Brooklyn Nets,113
"Fri, Oct 25, 2019",8:00p,Chicago Bulls,110,Memphis Grizzlies,102
"Fri, Oct 25, 2019",8:00p,Dallas Mavericks,123,New Orleans Pelicans,116
"Fri, Oct 25, 2019",8:00p,Washington Wizards,97,Oklahoma City Thunder,85
"Fri, Oct 25, 2019",9:00p,Phoenix Suns,107,Denver Nuggets,108
"Fri, Oct 25, 2019",10:00p,Portland Trail Blazers,122,Sacramento Kings,112
"Fri, Oct 25, 2019",10:30p,Utah Jazz,86,Los Angeles Lakers,95
"Sat, Oct 26, 2019",5:00p,Miami Heat,131,Milwaukee Bucks,126
"Sat, Oct 26, 2019",7:00p,Philadelphia 76ers,117,Detroit Pistons,111
"Sat, Oct 26, 2019",7:30p,Orlando Magic,99,Atlanta Hawks,103
"Sat, Oct 26, 2019",7:30p,Boston Celtics,118,New York Knicks,95
"Sat, Oct 26, 2019",8:00p,Toronto Raptors,108,Chicago Bulls,84
"Sat, Oct 26, 2019",8:00p,Indiana Pacers,99,Cleveland Cavaliers,110
"Sat, Oct 26, 2019",8:00p,New Orleans Pelicans,123,Houston Rockets,126
"Sat, Oct 26, 2019",8:30p,Washington Wizards,122,San Antonio Spurs,124
"Sat, Oct 26, 2019",9:00p,Sacramento Kings,81,Utah Jazz,113
"Sat, Oct 26, 2019",10:00p,Los Angeles Clippers,122,Phoenix Suns,130
"Sun, Oct 27, 2019",3:30p,Golden State Warriors,92,Oklahoma City Thunder,120
"Sun, Oct 27, 2019",6:00p,Brooklyn Nets,133,Memphis Grizzlies,134
"Sun, Oct 27, 2019",7:00p,Portland Trail Blazers,121,Dallas Mavericks,119
"Sun, Oct 27, 2019",7:00p,Miami Heat,109,Minnesota Timberwolves,116
"Sun, Oct 27, 2019",9:30p,Charlotte Hornets,101,Los Angeles Lakers,120
"Mon, Oct 28, 2019",7:00p,Chicago Bulls,98,New York Knicks,105
"Mon, Oct 28, 2019",7:00p,Indiana Pacers,94,Detroit Pistons,96
"Mon, Oct 28, 2019",7:30p,Orlando Magic,95,Toronto Raptors,104
"Mon, Oct 28, 2019",7:30p,Philadelphia 76ers,105,Atlanta Hawks,103
"Mon, Oct 28, 2019",8:00p,Oklahoma City Thunder,112,Houston Rockets,116
"Mon, Oct 28, 2019",8:00p,Cleveland Cavaliers,112,Milwaukee Bucks,129
"Mon, Oct 28, 2019",8:00p,Golden State Warriors,134,New Orleans Pelicans,123
"Mon, Oct 28, 2019",8:30p,Portland Trail Blazers,110,San Antonio Spurs,113
"Mon, Oct 28, 2019",10:00p,Utah Jazz,96,Phoenix Suns,95
"Mon, Oct 28, 2019",10:00p,Denver Nuggets,101,Sacramento Kings,94
"Mon, Oct 28, 2019",10:30p,Charlotte Hornets,96,Los Angeles Clippers,111
"Tue, Oct 29, 2019",7:30p,Atlanta Hawks,97,Miami Heat,112
"Tue, Oct 29, 2019",9:00p,Dallas Mavericks,109,Denver Nuggets,106
"Tue, Oct 29, 2019",10:30p,Memphis Grizzlies,91,Los Angeles Lakers,120
"Wed, Oct 30, 2019",7:00p,Chicago Bulls,111,Cleveland Cavaliers,117
"Wed, Oct 30, 2019",7:00p,New York Knicks,83,Orlando Magic,95
"Wed, Oct 30, 2019",7:00p,Minnesota Timberwolves,95,Philadelphia 76ers,117
"Wed, Oct 30, 2019",7:30p,Milwaukee Bucks,105,Boston Celtics,116
"Wed, Oct 30, 2019",7:30p,Indiana Pacers,118,Brooklyn Nets,108
"Wed, Oct 30, 2019",7:30p,Detroit Pistons,113,Toronto Raptors,125
"Wed, Oct 30, 2019",8:00p,Portland Trail Blazers,102,Oklahoma City Thunder,99
"Wed, Oct 30, 2019",8:00p,Houston Rockets,159,Washington Wizards,158
"Wed, Oct 30, 2019",10:00p,Charlotte Hornets,118,Sacramento Kings,111
"Wed, Oct 30, 2019",10:00p,Los Angeles Clippers,96,Utah Jazz,110
"Wed, Oct 30, 2019",10:30p,Phoenix Suns,121,Golden State Warriors,110
"Thu, Oct 31, 2019",7:00p,Miami Heat,106,Atlanta Hawks,97
"Thu, Oct 31, 2019",9:30p,Denver Nuggets,107,New Orleans Pelicans,122
"Thu, Oct 31, 2019",10:30p,San Antonio Spurs,97,Los Angeles Clippers,103
"Fri, Nov 1, 2019",7:00p,Houston Rockets,116,Brooklyn Nets,123
"Fri, Nov 1, 2019",7:00p,Cleveland Cavaliers,95,Indiana Pacers,102
"Fri, Nov 1, 2019",7:00p,Milwaukee Bucks,123,Orlando Magic,91
"Fri, Nov 1, 2019",7:30p,New York Knicks,102,Boston Celtics,104
"Fri, Nov 1, 2019",8:00p,Detroit Pistons,106,Chicago Bulls,112
"Fri, Nov 1, 2019",9:30p,Los Angeles Lakers,119,Dallas Mavericks,110
"Fri, Nov 1, 2019",10:00p,Utah Jazz,101,Sacramento Kings,102
"Fri, Nov 1, 2019",10:30p,San Antonio Spurs,127,Golden State Warriors,110
"Sat, Nov 2, 2019",5:00p,New Orleans Pelicans,104,Oklahoma City Thunder,115
"Sat, Nov 2, 2019",7:00p,Brooklyn Nets,109,Detroit Pistons,113
"Sat, Nov 2, 2019",7:00p,Denver Nuggets,91,Orlando Magic,87
"Sat, Nov 2, 2019",8:00p,Phoenix Suns,114,Memphis Grizzlies,105
"Sat, Nov 2, 2019",8:00p,Toronto Raptors,105,Milwaukee Bucks,115
"Sat, Nov 2, 2019",8:00p,Minnesota Timberwolves,131,Washington Wizards,109
"Sat, Nov 2, 2019",8:30p,Charlotte Hornets,93,Golden State Warriors,87
"Sat, Nov 2, 2019",10:00p,Philadelphia 76ers,129,Portland Trail Blazers,128
"Sun, Nov 3, 2019",5:00p,Chicago Bulls,95,Indiana Pacers,108
"Sun, Nov 3, 2019",6:00p,Houston Rockets,100,Miami Heat,129
"Sun, Nov 3, 2019",6:00p,Sacramento Kings,113,New York Knicks,92
"Sun, Nov 3, 2019",7:00p,Los Angeles Lakers,103,San Antonio Spurs,96
"Sun, Nov 3, 2019",7:30p,Dallas Mavericks,131,Cleveland Cavaliers,111
"Sun, Nov 3, 2019",9:00p,Utah Jazz,94,Los Angeles Clippers,105
"Mon, Nov 4, 2019",7:00p,Detroit Pistons,99,Washington Wizards,115
"Mon, Nov 4, 2019",7:30p,New Orleans Pelicans,125,Brooklyn Nets,135
"Mon, Nov 4, 2019",8:00p,Houston Rockets,107,Memphis Grizzlies,100
"Mon, Nov 4, 2019",8:00p,Milwaukee Bucks,134,Minnesota Timberwolves,106
"Mon, Nov 4, 2019",9:00p,Philadelphia 76ers,109,Phoenix Suns,114
"Mon, Nov 4, 2019",10:30p,Portland Trail Blazers,118,Golden State Warriors,127
"Tue, Nov 5, 2019",7:00p,Indiana Pacers,120,Charlotte Hornets,122
"Tue, Nov 5, 2019",7:00p,Boston Celtics,119,Cleveland Cavaliers,113
"Tue, Nov 5, 2019",7:30p,San Antonio Spurs,100,Atlanta Hawks,108
"Tue, Nov 5, 2019",8:00p,Los Angeles Lakers,118,Chicago Bulls,112
"Tue, Nov 5, 2019",8:00p,Orlando Magic,94,Oklahoma City Thunder,102
"Tue, Nov 5, 2019",9:00p,Miami Heat,89,Denver Nuggets,109
"Wed, Nov 6, 2019",7:00p,New York Knicks,102,Detroit Pistons,122
"Wed, Nov 6, 2019",7:00p,Washington Wizards,106,Indiana Pacers,121
"Wed, Nov 6, 2019",7:30p,Chicago Bulls,113,Atlanta Hawks,93
"Wed, Nov 6, 2019",7:30p,Golden State Warriors,112,Houston Rockets,129
"Wed, Nov 6, 2019",7:30p,Sacramento Kings,120,Toronto Raptors,124
"Wed, Nov 6, 2019",8:00p,Minnesota Timberwolves,121,Memphis Grizzlies,137
"Wed, Nov 6, 2019",8:30p,Orlando Magic,106,Dallas Mavericks,107
"Wed, Nov 6, 2019",9:00p,Philadelphia 76ers,104,Utah Jazz,106
"Wed, Nov 6, 2019",10:00p,Milwaukee Bucks,129,Los Angeles Clippers,124
"Thu, Nov 7, 2019",8:00p,Boston Celtics,108,Charlotte Hornets,87
"Thu, Nov 7, 2019",8:30p,Oklahoma City Thunder,112,San Antonio Spurs,121
"Thu, Nov 7, 2019",9:00p,Miami Heat,124,Phoenix Suns,108
"Thu, Nov 7, 2019",10:30p,Portland Trail Blazers,101,Los Angeles Clippers,107
"Fri, Nov 8, 2019",7:00p,Detroit Pistons,106,Indiana Pacers,112
"Fri, Nov 8, 2019",7:00p,Memphis Grizzlies,86,Orlando Magic,118
"Fri, Nov 8, 2019",7:00p,Cleveland Cavaliers,113,Washington Wizards,100
"Fri, Nov 8, 2019",7:30p,Sacramento Kings,121,Atlanta Hawks,109
"Fri, Nov 8, 2019",8:00p,Golden State Warriors,119,Minnesota Timberwolves,125
"Fri, Nov 8, 2019",8:00p,Toronto Raptors,122,New Orleans Pelicans,104
"Fri, Nov 8, 2019",8:30p,New York Knicks,106,Dallas Mavericks,102
"Fri, Nov 8, 2019",9:00p,Philadelphia 76ers,97,Denver Nuggets,100
"Fri, Nov 8, 2019",9:00p,Milwaukee Bucks,100,Utah Jazz,103
"Fri, Nov 8, 2019",10:00p,Brooklyn Nets,119,Portland Trail Blazers,115
"Fri, Nov 8, 2019",10:30p,Miami Heat,80,Los Angeles Lakers,95
"Sat, Nov 9, 2019",5:00p,Boston Celtics,135,San Antonio Spurs,115
"Sat, Nov 9, 2019",7:00p,New Orleans Pelicans,115,Charlotte Hornets,110
"Sat, Nov 9, 2019",8:00p,Houston Rockets,117,Chicago Bulls,94
"Sat, Nov 9, 2019",8:00p,Dallas Mavericks,138,Memphis Grizzlies,122
"Sat, Nov 9, 2019",8:00p,Golden State Warriors,108,Oklahoma City Thunder,114
"Sun, Nov 10, 2019",3:30p,Denver Nuggets,100,Minnesota Timberwolves,98
"Sun, Nov 10, 2019",6:00p,Indiana Pacers,109,Orlando Magic,102
"Sun, Nov 10, 2019",6:00p,Charlotte Hornets,106,Philadelphia 76ers,114
"Sun, Nov 10, 2019",7:00p,Milwaukee Bucks,121,Oklahoma City Thunder,119
"Sun, Nov 10, 2019",7:30p,Cleveland Cavaliers,108,New York Knicks,87
"Sun, Nov 10, 2019",8:00p,Brooklyn Nets,112,Phoenix Suns,138
"Sun, Nov 10, 2019",9:00p,Atlanta Hawks,113,Portland Trail Blazers,124
"Sun, Nov 10, 2019",9:30p,Toronto Raptors,113,Los Angeles Lakers,104
"Mon, Nov 11, 2019",7:00p,Minnesota Timberwolves,120,Detroit Pistons,114
"Mon, Nov 11, 2019",7:30p,Dallas Mavericks,106,Boston Celtics,116
"Mon, Nov 11, 2019",7:30p,Memphis Grizzlies,113,San Antonio Spurs,109
"Mon, Nov 11, 2019",8:00p,Houston Rockets,122,New Orleans Pelicans,116
"Mon, Nov 11, 2019",10:30p,Utah Jazz,122,Golden State Warriors,108
"Mon, Nov 11, 2019",10:30p,Toronto Raptors,88,Los Angeles Clippers,98
"Tue, Nov 12, 2019",7:00p,Oklahoma City Thunder,85,Indiana Pacers,111
"Tue, Nov 12, 2019",7:00p,Cleveland Cavaliers,97,Philadelphia 76ers,98
"Tue, Nov 12, 2019",7:30p,Detroit Pistons,108,Miami Heat,117
"Tue, Nov 12, 2019",8:00p,New York Knicks,102,Chicago Bulls,120
"Tue, Nov 12, 2019",9:00p,Atlanta Hawks,125,Denver Nuggets,121
"Tue, Nov 12, 2019",9:00p,Los Angeles Lakers,123,Phoenix Suns,115
"Tue, Nov 12, 2019",9:00p,Brooklyn Nets,114,Utah Jazz,119
"Tue, Nov 12, 2019",10:00p,Portland Trail Blazers,99,Sacramento Kings,107
"Wed, Nov 13, 2019",7:00p,Memphis Grizzlies,119,Charlotte Hornets,117
"Wed, Nov 13, 2019",7:00p,Philadelphia 76ers,97,Orlando Magic,112
"Wed, Nov 13, 2019",7:30p,Washington Wizards,133,Boston Celtics,140
"Wed, Nov 13, 2019",7:30p,Los Angeles Clippers,93,Houston Rockets,102
"Wed, Nov 13, 2019",8:00p,San Antonio Spurs,114,Minnesota Timberwolves,129
"Wed, Nov 13, 2019",10:00p,Golden State Warriors,94,Los Angeles Lakers,120
"Wed, Nov 13, 2019",10:00p,Toronto Raptors,114,Portland Trail Blazers,106
"Thu, Nov 14, 2019",6:00p,Miami Heat,108,Cleveland Cavaliers,97
"Thu, Nov 14, 2019",8:00p,Chicago Bulls,115,Milwaukee Bucks,124
"Thu, Nov 14, 2019",8:00p,Los Angeles Clippers,127,New Orleans Pelicans,132
"Thu, Nov 14, 2019",8:00p,Dallas Mavericks,103,New York Knicks,106
"Thu, Nov 14, 2019",9:00p,Atlanta Hawks,112,Phoenix Suns,128
"Thu, Nov 14, 2019",10:30p,Brooklyn Nets,93,Denver Nuggets,101
"Fri, Nov 15, 2019",7:00p,Detroit Pistons,106,Charlotte Hornets,109
"Fri, Nov 15, 2019",7:00p,San Antonio Spurs,109,Orlando Magic,111
"Fri, Nov 15, 2019",8:00p,Indiana Pacers,102,Houston Rockets,111
"Fri, Nov 15, 2019",8:00p,Utah Jazz,106,Memphis Grizzlies,107
"Fri, Nov 15, 2019",8:00p,Washington Wizards,137,Minnesota Timberwolves,116
"Fri, Nov 15, 2019",8:00p,Philadelphia 76ers,119,Oklahoma City Thunder,127
"Fri, Nov 15, 2019",10:30p,Boston Celtics,105,Golden State Warriors,100
"Fri, Nov 15, 2019",10:30p,Sacramento Kings,97,Los Angeles Lakers,99
"Sat, Nov 16, 2019",6:00p,Brooklyn Nets,117,Chicago Bulls,111
"Sat, Nov 16, 2019",7:00p,Milwaukee Bucks,102,Indiana Pacers,83
"Sat, Nov 16, 2019",7:30p,Charlotte Hornets,103,New York Knicks,102
"Sat, Nov 16, 2019",8:00p,New Orleans Pelicans,94,Miami Heat,109
"Sat, Nov 16, 2019",8:00p,Houston Rockets,125,Minnesota Timberwolves,105
"Sat, Nov 16, 2019",8:30p,Toronto Raptors,102,Dallas Mavericks,110
"Sat, Nov 16, 2019",8:30p,Portland Trail Blazers,121,San Antonio Spurs,116
"Sat, Nov 16, 2019",10:30p,Atlanta Hawks,101,Los Angeles Clippers,150
"Sun, Nov 17, 2019",3:00p,Philadelphia 76ers,114,Cleveland Cavaliers,95
"Sun, Nov 17, 2019",3:30p,Boston Celtics,99,Sacramento Kings,100
"Sun, Nov 17, 2019",6:00p,Denver Nuggets,131,Memphis Grizzlies,114
"Sun, Nov 17, 2019",6:00p,Washington Wizards,121,Orlando Magic,125
"Sun, Nov 17, 2019",7:00p,Golden State Warriors,100,New Orleans Pelicans,108
"Sun, Nov 17, 2019",9:30p,Atlanta Hawks,101,Los Angeles Lakers,122
"Mon, Nov 18, 2019",7:00p,Cleveland Cavaliers,105,New York Knicks,123
"Mon, Nov 18, 2019",7:30p,Indiana Pacers,115,Brooklyn Nets,86
"Mon, Nov 18, 2019",7:30p,Charlotte Hornets,96,Toronto Raptors,132
"Mon, Nov 18, 2019",8:00p,Milwaukee Bucks,115,Chicago Bulls,101
"Mon, Nov 18, 2019",8:00p,Portland Trail Blazers,108,Houston Rockets,132
"Mon, Nov 18, 2019",8:30p,San Antonio Spurs,110,Dallas Mavericks,117
"Mon, Nov 18, 2019",9:00p,Boston Celtics,99,Phoenix Suns,85
"Mon, Nov 18, 2019",9:00p,Minnesota Timberwolves,112,Utah Jazz,102
"Mon, Nov 18, 2019",10:30p,Oklahoma City Thunder,88,Los Angeles Clippers,90
"Tue, Nov 19, 2019",8:00p,Golden State Warriors,114,Memphis Grizzlies,95
"Tue, Nov 19, 2019",8:00p,Portland Trail Blazers,104,New Orleans Pelicans,115
"Tue, Nov 19, 2019",10:00p,Phoenix Suns,116,Sacramento Kings,120
"Tue, Nov 19, 2019",10:30p,Oklahoma City Thunder,107,Los Angeles Lakers,112
"Wed, Nov 20, 2019",7:00p,New York Knicks,104,Philadelphia 76ers,109
"Wed, Nov 20, 2019",7:00p,San Antonio Spurs,132,Washington Wizards,138
"Wed, Nov 20, 2019",7:30p,Milwaukee Bucks,135,Atlanta Hawks,127
"Wed, Nov 20, 2019",7:30p,Charlotte Hornets,91,Brooklyn Nets,101
"Wed, Nov 20, 2019",7:30p,Golden State Warriors,94,Dallas Mavericks,142
"Wed, Nov 20, 2019",7:30p,Cleveland Cavaliers,100,Miami Heat,124
"Wed, Nov 20, 2019",7:30p,Orlando Magic,97,Toronto Raptors,113
"Wed, Nov 20, 2019",8:00p,Detroit Pistons,89,Chicago Bulls,109
"Wed, Nov 20, 2019",8:00p,Utah Jazz,103,Minnesota Timberwolves,95
"Wed, Nov 20, 2019",9:00p,Houston Rockets,95,Denver Nuggets,105
"Wed, Nov 20, 2019",10:00p,Boston Celtics,104,Los Angeles Clippers,107
"Thu, Nov 21, 2019",8:00p,Portland Trail Blazers,129,Milwaukee Bucks,137
"Thu, Nov 21, 2019",10:30p,New Orleans Pelicans,124,Phoenix Suns,121
"Fri, Nov 22, 2019",7:00p,Atlanta Hawks,103,Detroit Pistons,128
"Fri, Nov 22, 2019",7:00p,Charlotte Hornets,118,Washington Wizards,125
"Fri, Nov 22, 2019",7:30p,Sacramento Kings,97,Brooklyn Nets,116
"Fri, Nov 22, 2019",8:00p,Miami Heat,116,Chicago Bulls,108
"Fri, Nov 22, 2019",8:00p,Los Angeles Lakers,130,Oklahoma City Thunder,127
"Fri, Nov 22, 2019",8:00p,San Antonio Spurs,104,Philadelphia 76ers,115
"Fri, Nov 22, 2019",8:30p,Cleveland Cavaliers,101,Dallas Mavericks,143
"Fri, Nov 22, 2019",9:00p,Boston Celtics,92,Denver Nuggets,96
"Fri, Nov 22, 2019",9:00p,Golden State Warriors,109,Utah Jazz,113
"Fri, Nov 22, 2019",10:30p,Houston Rockets,119,Los Angeles Clippers,122
"Sat, Nov 23, 2019",5:00p,Phoenix Suns,100,Minnesota Timberwolves,98
"Sat, Nov 23, 2019",7:00p,Chicago Bulls,116,Charlotte Hornets,115
"Sat, Nov 23, 2019",7:00p,Orlando Magic,106,Indiana Pacers,111
"Sat, Nov 23, 2019",7:30p,Toronto Raptors,119,Atlanta Hawks,116
"Sat, Nov 23, 2019",7:30p,San Antonio Spurs,111,New York Knicks,104
"Sat, Nov 23, 2019",7:30p,Miami Heat,86,Philadelphia 76ers,113
"Sat, Nov 23, 2019",8:00p,Portland Trail Blazers,104,Cleveland Cavaliers,110
"Sat, Nov 23, 2019",8:00p,Los Angeles Lakers,109,Memphis Grizzlies,108
"Sat, Nov 23, 2019",8:30p,Detroit Pistons,90,Milwaukee Bucks,104
"Sat, Nov 23, 2019",9:00p,New Orleans Pelicans,120,Utah Jazz,128
"Sun, Nov 24, 2019",3:30p,Dallas Mavericks,137,Houston Rockets,123
"Sun, Nov 24, 2019",6:00p,Brooklyn Nets,103,New York Knicks,101
"Sun, Nov 24, 2019",6:00p,Sacramento Kings,113,Washington Wizards,106
"Sun, Nov 24, 2019",8:00p,Phoenix Suns,104,Denver Nuggets,116
"Sun, Nov 24, 2019",9:00p,New Orleans Pelicans,109,Los Angeles Clippers,134
"Mon, Nov 25, 2019",7:00p,Brooklyn Nets,108,Cleveland Cavaliers,106
"Mon, Nov 25, 2019",7:00p,Orlando Magic,88,Detroit Pistons,103
"Mon, Nov 25, 2019",7:00p,Memphis Grizzlies,114,Indiana Pacers,126
"Mon, Nov 25, 2019",7:30p,Minnesota Timberwolves,125,Atlanta Hawks,113
"Mon, Nov 25, 2019",7:30p,Sacramento Kings,102,Boston Celtics,103
"Mon, Nov 25, 2019",7:30p,Charlotte Hornets,100,Miami Heat,117
"Mon, Nov 25, 2019",7:30p,Philadelphia 76ers,96,Toronto Raptors,101
"Mon, Nov 25, 2019",8:00p,Portland Trail Blazers,117,Chicago Bulls,94
"Mon, Nov 25, 2019",8:00p,Utah Jazz,118,Milwaukee Bucks,122
"Mon, Nov 25, 2019",8:30p,Los Angeles Lakers,114,San Antonio Spurs,104
"Mon, Nov 25, 2019",10:30p,Oklahoma City Thunder,100,Golden State Warriors,97
"Tue, Nov 26, 2019",8:30p,Los Angeles Clippers,114,Dallas Mavericks,99
"Tue, Nov 26, 2019",9:00p,Washington Wizards,104,Denver Nuggets,117
"Wed, Nov 27, 2019",7:00p,Brooklyn Nets,110,Boston Celtics,121
"Wed, Nov 27, 2019",7:00p,Detroit Pistons,101,Charlotte Hornets,102
"Wed, Nov 27, 2019",7:00p,Orlando Magic,116,Cleveland Cavaliers,104
"Wed, Nov 27, 2019",7:00p,Utah Jazz,102,Indiana Pacers,121
"Wed, Nov 27, 2019",7:00p,Sacramento Kings,91,Philadelphia 76ers,97
"Wed, Nov 27, 2019",7:30p,New York Knicks,98,Toronto Raptors,126
"Wed, Nov 27, 2019",8:00p,Miami Heat,108,Houston Rockets,117
"Wed, Nov 27, 2019",8:00p,Los Angeles Clippers,121,Memphis Grizzlies,119
"Wed, Nov 27, 2019",8:00p,Atlanta Hawks,102,Milwaukee Bucks,111
"Wed, Nov 27, 2019",8:30p,Minnesota Timberwolves,113,San Antonio Spurs,101
"Wed, Nov 27, 2019",9:00p,Washington Wizards,140,Phoenix Suns,132
"Wed, Nov 27, 2019",9:30p,Los Angeles Lakers,114,New Orleans Pelicans,110
"Wed, Nov 27, 2019",10:00p,Oklahoma City Thunder,119,Portland Trail Blazers,136
"Wed, Nov 27, 2019",10:30p,Chicago Bulls,90,Golden State Warriors,104
"Fri, Nov 29, 2019",12:00p,Boston Celtics,107,Brooklyn Nets,112
"Fri, Nov 29, 2019",7:00p,Charlotte Hornets,110,Detroit Pistons,107
"Fri, Nov 29, 2019",7:00p,Toronto Raptors,90,Orlando Magic,83
"Fri, Nov 29, 2019",7:30p,Milwaukee Bucks,119,Cleveland Cavaliers,110
"Fri, Nov 29, 2019",7:30p,Philadelphia 76ers,101,New York Knicks,95
"Fri, Nov 29, 2019",8:00p,Atlanta Hawks,104,Indiana Pacers,105
"Fri, Nov 29, 2019",8:00p,Utah Jazz,103,Memphis Grizzlies,94
"Fri, Nov 29, 2019",8:00p,Golden State Warriors,105,Miami Heat,122
"Fri, Nov 29, 2019",8:00p,New Orleans Pelicans,104,Oklahoma City Thunder,109
"Fri, Nov 29, 2019",8:30p,Los Angeles Clippers,97,San Antonio Spurs,107
"Fri, Nov 29, 2019",9:00p,Dallas Mavericks,120,Phoenix Suns,113
"Fri, Nov 29, 2019",10:00p,Chicago Bulls,103,Portland Trail Blazers,107
"Fri, Nov 29, 2019",10:30p,Washington Wizards,103,Los Angeles Lakers,125
"Sat, Nov 30, 2019",5:00p,Denver Nuggets,97,Sacramento Kings,100
"Sat, Nov 30, 2019",7:00p,Indiana Pacers,116,Philadelphia 76ers,119
"Sat, Nov 30, 2019",8:00p,Atlanta Hawks,111,Houston Rockets,158
"Sat, Nov 30, 2019",8:00p,Charlotte Hornets,96,Milwaukee Bucks,137
"Sun, Dec 1, 2019",3:00p,Miami Heat,109,Brooklyn Nets,106
"Sun, Dec 1, 2019",3:30p,Memphis Grizzlies,115,Minnesota Timberwolves,107
"Sun, Dec 1, 2019",3:30p,Boston Celtics,113,New York Knicks,104
"Sun, Dec 1, 2019",4:00p,Dallas Mavericks,114,Los Angeles Lakers,100
"Sun, Dec 1, 2019",5:00p,San Antonio Spurs,98,Detroit Pistons,132
"Sun, Dec 1, 2019",5:00p,Oklahoma City Thunder,107,New Orleans Pelicans,104
"Sun, Dec 1, 2019",6:00p,Golden State Warriors,96,Orlando Magic,100
"Sun, Dec 1, 2019",6:00p,Utah Jazz,110,Toronto Raptors,130
"Sun, Dec 1, 2019",10:30p,Washington Wizards,125,Los Angeles Clippers,150
"Mon, Dec 2, 2019",7:00p,Phoenix Suns,109,Charlotte Hornets,104
"Mon, Dec 2, 2019",7:00p,Utah Jazz,94,Philadelphia 76ers,103
"Mon, Dec 2, 2019",7:30p,Golden State Warriors,79,Atlanta Hawks,104
"Mon, Dec 2, 2019",8:00p,Indiana Pacers,117,Memphis Grizzlies,104
"Mon, Dec 2, 2019",8:00p,New York Knicks,88,Milwaukee Bucks,132
"Mon, Dec 2, 2019",10:00p,Chicago Bulls,113,Sacramento Kings,106
"Tue, Dec 3, 2019",7:00p,Detroit Pistons,127,Cleveland Cavaliers,94
"Tue, Dec 3, 2019",7:00p,Orlando Magic,127,Washington Wizards,120
"Tue, Dec 3, 2019",7:30p,Dallas Mavericks,118,New Orleans Pelicans,97
"Tue, Dec 3, 2019",7:30p,Miami Heat,121,Toronto Raptors,110
"Tue, Dec 3, 2019",8:30p,Houston Rockets,133,San Antonio Spurs,135
"Tue, Dec 3, 2019",9:00p,Los Angeles Lakers,105,Denver Nuggets,96
"Tue, Dec 3, 2019",10:00p,Portland Trail Blazers,97,Los Angeles Clippers,117
"Wed, Dec 4, 2019",7:00p,Golden State Warriors,91,Charlotte Hornets,106
"Wed, Dec 4, 2019",7:00p,Milwaukee Bucks,127,Detroit Pistons,103
"Wed, Dec 4, 2019",7:00p,Phoenix Suns,114,Orlando Magic,128
"Wed, Dec 4, 2019",7:30p,Brooklyn Nets,130,Atlanta Hawks,118
"Wed, Dec 4, 2019",7:30p,Miami Heat,93,Boston Celtics,112
"Wed, Dec 4, 2019",8:00p,Memphis Grizzlies,99,Chicago Bulls,106
"Wed, Dec 4, 2019",8:00p,Indiana Pacers,107,Oklahoma City Thunder,100
"Wed, Dec 4, 2019",8:30p,Minnesota Timberwolves,114,Dallas Mavericks,121
"Wed, Dec 4, 2019",9:00p,Los Angeles Lakers,121,Utah Jazz,96
"Wed, Dec 4, 2019",10:00p,Sacramento Kings,116,Portland Trail Blazers,127
"Thu, Dec 5, 2019",7:00p,Philadelphia 76ers,113,Washington Wizards,119
"Thu, Dec 5, 2019",7:30p,Denver Nuggets,129,New York Knicks,92
"Thu, Dec 5, 2019",7:30p,Houston Rockets,119,Toronto Raptors,109
"Thu, Dec 5, 2019",8:00p,Phoenix Suns,139,New Orleans Pelicans,132
"Fri, Dec 6, 2019",7:00p,Brooklyn Nets,111,Charlotte Hornets,104
"Fri, Dec 6, 2019",7:00p,Orlando Magic,93,Cleveland Cavaliers,87
"Fri, Dec 6, 2019",7:00p,Indiana Pacers,101,Detroit Pistons,108
"Fri, Dec 6, 2019",8:00p,Denver Nuggets,95,Boston Celtics,108
"Fri, Dec 6, 2019",8:00p,Golden State Warriors,100,Chicago Bulls,98
"Fri, Dec 6, 2019",8:00p,Washington Wizards,103,Miami Heat,112
"Fri, Dec 6, 2019",8:00p,Minnesota Timberwolves,127,Oklahoma City Thunder,139
"Fri, Dec 6, 2019",8:30p,Los Angeles Clippers,91,Milwaukee Bucks,119
"Fri, Dec 6, 2019",8:30p,Sacramento Kings,104,San Antonio Spurs,105
"Fri, Dec 6, 2019",10:30p,Los Angeles Lakers,136,Portland Trail Blazers,113
"Sat, Dec 7, 2019",2:00p,New Orleans Pelicans,84,Dallas Mavericks,130
"Sat, Dec 7, 2019",7:30p,Indiana Pacers,104,New York Knicks,103
"Sat, Dec 7, 2019",7:30p,Cleveland Cavaliers,94,Philadelphia 76ers,141
"Sat, Dec 7, 2019",8:00p,Phoenix Suns,109,Houston Rockets,115
"Sat, Dec 7, 2019",10:00p,Memphis Grizzlies,112,Utah Jazz,126
"Sun, Dec 8, 2019",3:00p,Denver Nuggets,102,Brooklyn Nets,105
"Sun, Dec 8, 2019",5:00p,Atlanta Hawks,122,Charlotte Hornets,107
"Sun, Dec 8, 2019",6:00p,Chicago Bulls,105,Miami Heat,110
"Sun, Dec 8, 2019",6:00p,Toronto Raptors,104,Philadelphia 76ers,110
"Sun, Dec 8, 2019",6:00p,Los Angeles Clippers,135,Washington Wizards,119
"Sun, Dec 8, 2019",7:00p,Sacramento Kings,110,Dallas Mavericks,106
"Sun, Dec 8, 2019",9:00p,Oklahoma City Thunder,108,Portland Trail Blazers,96
"Sun, Dec 8, 2019",9:30p,Minnesota Timberwolves,125,Los Angeles Lakers,142
"Mon, Dec 9, 2019",7:00p,Los Angeles Clippers,110,Indiana Pacers,99
"Mon, Dec 9, 2019",7:30p,Cleveland Cavaliers,88,Boston Celtics,110
"Mon, Dec 9, 2019",8:00p,Toronto Raptors,93,Chicago Bulls,92
"Mon, Dec 9, 2019",8:00p,Sacramento Kings,119,Houston Rockets,118
"Mon, Dec 9, 2019",8:00p,Orlando Magic,101,Milwaukee Bucks,110
"Mon, Dec 9, 2019",8:00p,Detroit Pistons,105,New Orleans Pelicans,103
"Mon, Dec 9, 2019",9:00p,Minnesota Timberwolves,109,Phoenix Suns,125
"Mon, Dec 9, 2019",9:00p,Oklahoma City Thunder,104,Utah Jazz,90
"Mon, Dec 9, 2019",10:30p,Memphis Grizzlies,110,Golden State Warriors,102
"Tue, Dec 10, 2019",7:00p,Washington Wizards,107,Charlotte Hornets,114
"Tue, Dec 10, 2019",8:00p,Atlanta Hawks,121,Miami Heat,135
"Tue, Dec 10, 2019",8:00p,Denver Nuggets,92,Philadelphia 76ers,97
"Tue, Dec 10, 2019",10:00p,New York Knicks,87,Portland Trail Blazers,115
"Wed, Dec 11, 2019",7:00p,Houston Rockets,116,Cleveland Cavaliers,110
"Wed, Dec 11, 2019",7:00p,Boston Celtics,117,Indiana Pacers,122
"Wed, Dec 11, 2019",7:00p,Los Angeles Lakers,96,Orlando Magic,87
"Wed, Dec 11, 2019",7:00p,Los Angeles Clippers,112,Toronto Raptors,92
"Wed, Dec 11, 2019",7:30p,Charlotte Hornets,113,Brooklyn Nets,108
"Wed, Dec 11, 2019",8:00p,Atlanta Hawks,102,Chicago Bulls,136
"Wed, Dec 11, 2019",8:00p,Utah Jazz,127,Minnesota Timberwolves,116
"Wed, Dec 11, 2019",9:00p,Memphis Grizzlies,115,Phoenix Suns,108
"Wed, Dec 11, 2019",9:30p,New Orleans Pelicans,112,Milwaukee Bucks,127
"Wed, Dec 11, 2019",10:00p,Oklahoma City Thunder,93,Sacramento Kings,94
"Wed, Dec 11, 2019",10:30p,New York Knicks,124,Golden State Warriors,122
"Thu, Dec 12, 2019",8:00p,Philadelphia 76ers,115,Boston Celtics,109
"Thu, Dec 12, 2019",8:30p,Cleveland Cavaliers,117,San Antonio Spurs,109
"Thu, Dec 12, 2019",9:00p,Dallas Mavericks,122,Detroit Pistons,111
"Thu, Dec 12, 2019",10:30p,Portland Trail Blazers,99,Denver Nuggets,114
"Fri, Dec 13, 2019",7:00p,Los Angeles Lakers,113,Miami Heat,110
"Fri, Dec 13, 2019",7:00p,Houston Rockets,130,Orlando Magic,107
"Fri, Dec 13, 2019",7:00p,New Orleans Pelicans,109,Philadelphia 76ers,116
"Fri, Dec 13, 2019",7:30p,Indiana Pacers,110,Atlanta Hawks,100
"Fri, Dec 13, 2019",8:00p,Charlotte Hornets,83,Chicago Bulls,73
"Fri, Dec 13, 2019",8:00p,Milwaukee Bucks,127,Memphis Grizzlies,114
"Fri, Dec 13, 2019",9:00p,Golden State Warriors,106,Utah Jazz,114
"Fri, Dec 13, 2019",9:30p,Los Angeles Clippers,124,Minnesota Timberwolves,117
"Fri, Dec 13, 2019",10:00p,New York Knicks,103,Sacramento Kings,101
"Sat, Dec 14, 2019",5:00p,San Antonio Spurs,121,Phoenix Suns,119
"Sat, Dec 14, 2019",7:30p,Brooklyn Nets,102,Toronto Raptors,110
"Sat, Dec 14, 2019",8:00p,Los Angeles Clippers,106,Chicago Bulls,109
"Sat, Dec 14, 2019",8:00p,Washington Wizards,111,Memphis Grizzlies,128
"Sat, Dec 14, 2019",8:30p,Miami Heat,122,Dallas Mavericks,118
"Sat, Dec 14, 2019",8:30p,Cleveland Cavaliers,108,Milwaukee Bucks,125
"Sat, Dec 14, 2019",9:00p,Oklahoma City Thunder,102,Denver Nuggets,110
"Sat, Dec 14, 2019",9:00p,Detroit Pistons,115,Houston Rockets,107
"Sun, Dec 15, 2019",3:30p,Orlando Magic,130,New Orleans Pelicans,119
"Sun, Dec 15, 2019",5:00p,Charlotte Hornets,85,Indiana Pacers,107
"Sun, Dec 15, 2019",6:00p,Los Angeles Lakers,101,Atlanta Hawks,96
"Sun, Dec 15, 2019",6:00p,Philadelphia 76ers,89,Brooklyn Nets,109
"Sun, Dec 15, 2019",8:00p,New York Knicks,105,Denver Nuggets,111
"Sun, Dec 15, 2019",8:30p,Sacramento Kings,100,Golden State Warriors,79
"Mon, Dec 16, 2019",7:00p,Washington Wizards,133,Detroit Pistons,119
"Mon, Dec 16, 2019",7:30p,Cleveland Cavaliers,113,Toronto Raptors,133
"Mon, Dec 16, 2019",8:00p,San Antonio Spurs,107,Houston Rockets,109
"Mon, Dec 16, 2019",8:00p,Miami Heat,111,Memphis Grizzlies,118
"Mon, Dec 16, 2019",8:00p,Dallas Mavericks,120,Milwaukee Bucks,116
"Mon, Dec 16, 2019",8:00p,Chicago Bulls,106,Oklahoma City Thunder,109
"Mon, Dec 16, 2019",9:00p,Portland Trail Blazers,111,Phoenix Suns,110
"Tue, Dec 17, 2019",7:00p,Sacramento Kings,102,Charlotte Hornets,110
"Tue, Dec 17, 2019",7:00p,Los Angeles Lakers,102,Indiana Pacers,105
"Tue, Dec 17, 2019",7:30p,Atlanta Hawks,120,New York Knicks,143
"Tue, Dec 17, 2019",8:00p,Brooklyn Nets,108,New Orleans Pelicans,101
"Tue, Dec 17, 2019",9:00p,Orlando Magic,102,Utah Jazz,109
"Tue, Dec 17, 2019",10:30p,Phoenix Suns,99,Los Angeles Clippers,120
"Wed, Dec 18, 2019",7:00p,Charlotte Hornets,98,Cleveland Cavaliers,100
"Wed, Dec 18, 2019",7:00p,Toronto Raptors,112,Detroit Pistons,99
"Wed, Dec 18, 2019",7:00p,Miami Heat,108,Philadelphia 76ers,104
"Wed, Dec 18, 2019",7:00p,Chicago Bulls,110,Washington Wizards,109
"Wed, Dec 18, 2019",8:00p,New Orleans Pelicans,107,Minnesota Timberwolves,99
"Wed, Dec 18, 2019",8:00p,Memphis Grizzlies,122,Oklahoma City Thunder,126
"Wed, Dec 18, 2019",9:00p,Orlando Magic,104,Denver Nuggets,113
"Wed, Dec 18, 2019",9:30p,Boston Celtics,109,Dallas Mavericks,103
"Wed, Dec 18, 2019",10:00p,Golden State Warriors,112,Portland Trail Blazers,122
"Thu, Dec 19, 2019",7:30p,Utah Jazz,111,Atlanta Hawks,106
"Thu, Dec 19, 2019",8:00p,Los Angeles Lakers,104,Milwaukee Bucks,111
"Thu, Dec 19, 2019",8:30p,Brooklyn Nets,105,San Antonio Spurs,118
"Thu, Dec 19, 2019",10:30p,Houston Rockets,122,Los Angeles Clippers,117
"Fri, Dec 20, 2019",7:00p,Memphis Grizzlies,107,Cleveland Cavaliers,114
"Fri, Dec 20, 2019",7:00p,Sacramento Kings,105,Indiana Pacers,119
"Fri, Dec 20, 2019",7:30p,Detroit Pistons,93,Boston Celtics,114
"Fri, Dec 20, 2019",7:30p,Washington Wizards,118,Toronto Raptors,122
"Fri, Dec 20, 2019",8:00p,New York Knicks,114,Miami Heat,129
"Fri, Dec 20, 2019",8:00p,Phoenix Suns,108,Oklahoma City Thunder,126
"Fri, Dec 20, 2019",8:00p,Dallas Mavericks,117,Philadelphia 76ers,98
"Fri, Dec 20, 2019",9:00p,Minnesota Timberwolves,100,Denver Nuggets,109
"Fri, Dec 20, 2019",10:00p,Orlando Magic,103,Portland Trail Blazers,118
"Fri, Dec 20, 2019",10:30p,New Orleans Pelicans,102,Golden State Warriors,106
"Sat, Dec 21, 2019",5:00p,Utah Jazz,114,Charlotte Hornets,107
"Sat, Dec 21, 2019",6:00p,Atlanta Hawks,112,Brooklyn Nets,122
"Sat, Dec 21, 2019",7:00p,Chicago Bulls,119,Detroit Pistons,107
"Sat, Dec 21, 2019",7:00p,Washington Wizards,108,Philadelphia 76ers,125
"Sat, Dec 21, 2019",7:30p,Milwaukee Bucks,123,New York Knicks,102
"Sat, Dec 21, 2019",8:00p,Sacramento Kings,115,Memphis Grizzlies,119
"Sat, Dec 21, 2019",8:30p,Los Angeles Clippers,134,San Antonio Spurs,109
"Sat, Dec 21, 2019",9:00p,Houston Rockets,139,Phoenix Suns,125
"Sat, Dec 21, 2019",10:00p,Minnesota Timberwolves,106,Portland Trail Blazers,113
"Sun, Dec 22, 2019",3:30p,Dallas Mavericks,107,Toronto Raptors,110
"Sun, Dec 22, 2019",6:00p,Charlotte Hornets,93,Boston Celtics,119
"Sun, Dec 22, 2019",7:00p,Indiana Pacers,89,Milwaukee Bucks,117
"Sun, Dec 22, 2019",7:00p,Los Angeles Clippers,112,Oklahoma City Thunder,118
"Sun, Dec 22, 2019",9:30p,Denver Nuggets,128,Los Angeles Lakers,104
"Mon, Dec 23, 2019",7:00p,Atlanta Hawks,118,Cleveland Cavaliers,121
"Mon, Dec 23, 2019",7:00p,Philadelphia 76ers,125,Detroit Pistons,109
"Mon, Dec 23, 2019",7:00p,Toronto Raptors,115,Indiana Pacers,120
"Mon, Dec 23, 2019",7:00p,Washington Wizards,121,New York Knicks,115
"Mon, Dec 23, 2019",7:00p,Chicago Bulls,95,Orlando Magic,103
"Mon, Dec 23, 2019",7:30p,Utah Jazz,104,Miami Heat,107
"Mon, Dec 23, 2019",8:00p,San Antonio Spurs,145,Memphis Grizzlies,115
"Mon, Dec 23, 2019",9:00p,Denver Nuggets,113,Phoenix Suns,111
"Mon, Dec 23, 2019",10:00p,New Orleans Pelicans,102,Portland Trail Blazers,94
"Mon, Dec 23, 2019",10:00p,Houston Rockets,113,Sacramento Kings,104
"Mon, Dec 23, 2019",10:30p,Minnesota Timberwolves,104,Golden State Warriors,113
"Wed, Dec 25, 2019",12:00p,Boston Celtics,118,Toronto Raptors,102
"Wed, Dec 25, 2019",2:30p,Milwaukee Bucks,109,Philadelphia 76ers,121
"Wed, Dec 25, 2019",5:00p,Houston Rockets,104,Golden State Warriors,116
"Wed, Dec 25, 2019",8:00p,Los Angeles Clippers,111,Los Angeles Lakers,106
"Wed, Dec 25, 2019",10:30p,New Orleans Pelicans,112,Denver Nuggets,100
"Thu, Dec 26, 2019",7:00p,Washington Wizards,102,Detroit Pistons,132
"Thu, Dec 26, 2019",7:30p,New York Knicks,94,Brooklyn Nets,82
"Thu, Dec 26, 2019",8:00p,San Antonio Spurs,98,Dallas Mavericks,102
"Thu, Dec 26, 2019",8:00p,Memphis Grizzlies,110,Oklahoma City Thunder,97
"Thu, Dec 26, 2019",10:00p,Minnesota Timberwolves,105,Sacramento Kings,104
"Thu, Dec 26, 2019",10:30p,Portland Trail Blazers,115,Utah Jazz,121
"Fri, Dec 27, 2019",4:00p,Cleveland Cavaliers,117,Boston Celtics,129
"Fri, Dec 27, 2019",7:00p,Oklahoma City Thunder,104,Charlotte Hornets,102
"Fri, Dec 27, 2019",7:00p,Philadelphia 76ers,97,Orlando Magic,98
"Fri, Dec 27, 2019",7:30p,Milwaukee Bucks,112,Atlanta Hawks,86
"Fri, Dec 27, 2019",8:00p,Indiana Pacers,112,Miami Heat,113
"Fri, Dec 27, 2019",10:30p,Phoenix Suns,96,Golden State Warriors,105
"Sat, Dec 28, 2019",5:00p,Memphis Grizzlies,110,Denver Nuggets,119
"Sat, Dec 28, 2019",7:00p,Toronto Raptors,113,Boston Celtics,97
"Sat, Dec 28, 2019",7:00p,Indiana Pacers,98,New Orleans Pelicans,120
"Sat, Dec 28, 2019",8:00p,Atlanta Hawks,81,Chicago Bulls,116
"Sat, Dec 28, 2019",8:00p,Brooklyn Nets,98,Houston Rockets,108
"Sat, Dec 28, 2019",8:00p,Philadelphia 76ers,116,Miami Heat,117
"Sat, Dec 28, 2019",8:00p,Cleveland Cavaliers,94,Minnesota Timberwolves,88
"Sat, Dec 28, 2019",8:00p,New York Knicks,107,Washington Wizards,100
"Sat, Dec 28, 2019",8:30p,Dallas Mavericks,141,Golden State Warriors,121
"Sat, Dec 28, 2019",8:30p,Orlando Magic,100,Milwaukee Bucks,111
"Sat, Dec 28, 2019",8:30p,Detroit Pistons,109,San Antonio Spurs,136
"Sat, Dec 28, 2019",9:00p,Phoenix Suns,112,Sacramento Kings,110
"Sat, Dec 28, 2019",10:00p,Los Angeles Lakers,128,Portland Trail Blazers,120
"Sat, Dec 28, 2019",10:30p,Utah Jazz,120,Los Angeles Clippers,107
"Sun, Dec 29, 2019",6:00p,Oklahoma City Thunder,98,Toronto Raptors,97
"Sun, Dec 29, 2019",8:00p,Sacramento Kings,115,Denver Nuggets,120
"Sun, Dec 29, 2019",8:00p,Charlotte Hornets,104,Memphis Grizzlies,117
"Sun, Dec 29, 2019",8:00p,Houston Rockets,112,New Orleans Pelicans,127
"Sun, Dec 29, 2019",9:30p,Dallas Mavericks,95,Los Angeles Lakers,108
"Mon, Dec 30, 2019",7:00p,Atlanta Hawks,101,Orlando Magic,93
"Mon, Dec 30, 2019",7:00p,Miami Heat,105,Washington Wizards,123
"Mon, Dec 30, 2019",8:00p,Milwaukee Bucks,123,Chicago Bulls,102
"Mon, Dec 30, 2019",8:00p,Brooklyn Nets,115,Minnesota Timberwolves,122
"Mon, Dec 30, 2019",9:00p,Detroit Pistons,81,Utah Jazz,104
"Mon, Dec 30, 2019",10:00p,Phoenix Suns,122,Portland Trail Blazers,116
"Tue, Dec 31, 2019",3:00p,Boston Celtics,109,Charlotte Hornets,92
"Tue, Dec 31, 2019",3:00p,Philadelphia 76ers,97,Indiana Pacers,115
"Tue, Dec 31, 2019",5:00p,Los Angeles Clippers,105,Sacramento Kings,87
"Tue, Dec 31, 2019",7:00p,Denver Nuggets,104,Houston Rockets,130
"Tue, Dec 31, 2019",7:00p,Golden State Warriors,113,San Antonio Spurs,117
"Tue, Dec 31, 2019",7:00p,Cleveland Cavaliers,97,Toronto Raptors,117
"Tue, Dec 31, 2019",8:00p,Dallas Mavericks,101,Oklahoma City Thunder,106
"Wed, Jan 1, 2020",6:00p,Orlando Magic,122,Washington Wizards,101
"Wed, Jan 1, 2020",7:30p,Portland Trail Blazers,93,New York Knicks,117
"Wed, Jan 1, 2020",8:00p,Minnesota Timberwolves,104,Milwaukee Bucks,106
"Wed, Jan 1, 2020",10:30p,Phoenix Suns,107,Los Angeles Lakers,117
"Thu, Jan 2, 2020",7:00p,Charlotte Hornets,109,Cleveland Cavaliers,106
"Thu, Jan 2, 2020",7:00p,Denver Nuggets,124,Indiana Pacers,116
"Thu, Jan 2, 2020",7:30p,Toronto Raptors,76,Miami Heat,84
"Thu, Jan 2, 2020",8:00p,Utah Jazz,102,Chicago Bulls,98
"Thu, Jan 2, 2020",8:00p,Golden State Warriors,84,Minnesota Timberwolves,99
"Thu, Jan 2, 2020",8:30p,Brooklyn Nets,111,Dallas Mavericks,123
"Thu, Jan 2, 2020",8:30p,Oklahoma City Thunder,109,San Antonio Spurs,103
"Thu, Jan 2, 2020",10:00p,Memphis Grizzlies,123,Sacramento Kings,128
"Thu, Jan 2, 2020",10:30p,Detroit Pistons,112,Los Angeles Clippers,126
"Fri, Jan 3, 2020",7:00p,Atlanta Hawks,106,Boston Celtics,109
"Fri, Jan 3, 2020",7:00p,Miami Heat,85,Orlando Magic,105
"Fri, Jan 3, 2020",7:00p,Portland Trail Blazers,122,Washington Wizards,103
"Fri, Jan 3, 2020",8:00p,Philadelphia 76ers,108,Houston Rockets,118
"Fri, Jan 3, 2020",9:00p,New York Knicks,112,Phoenix Suns,120
"Fri, Jan 3, 2020",10:30p,New Orleans Pelicans,113,Los Angeles Lakers,123
"Sat, Jan 4, 2020",3:30p,Memphis Grizzlies,140,Los Angeles Clippers,114
"Sat, Jan 4, 2020",6:00p,Toronto Raptors,121,Brooklyn Nets,102
"Sat, Jan 4, 2020",7:00p,Utah Jazz,109,Orlando Magic,96
"Sat, Jan 4, 2020",7:30p,Indiana Pacers,111,Atlanta Hawks,116
"Sat, Jan 4, 2020",7:30p,Oklahoma City Thunder,121,Cleveland Cavaliers,106
"Sat, Jan 4, 2020",8:00p,Boston Celtics,111,Chicago Bulls,104
"Sat, Jan 4, 2020",8:00p,Denver Nuggets,114,Washington Wizards,128
"Sat, Jan 4, 2020",8:30p,Charlotte Hornets,123,Dallas Mavericks,120
"Sat, Jan 4, 2020",8:30p,Detroit Pistons,111,Golden State Warriors,104
"Sat, Jan 4, 2020",8:30p,San Antonio Spurs,118,Milwaukee Bucks,127
"Sat, Jan 4, 2020",10:00p,New Orleans Pelicans,117,Sacramento Kings,115
"Sun, Jan 5, 2020",3:30p,New York Knicks,132,Los Angeles Clippers,135
"Sun, Jan 5, 2020",6:00p,Portland Trail Blazers,111,Miami Heat,122
"Sun, Jan 5, 2020",7:30p,Minnesota Timberwolves,118,Cleveland Cavaliers,103
"Sun, Jan 5, 2020",8:00p,Memphis Grizzlies,121,Phoenix Suns,114
"Sun, Jan 5, 2020",10:00p,Detroit Pistons,99,Los Angeles Lakers,106
"Mon, Jan 6, 2020",7:00p,Indiana Pacers,115,Charlotte Hornets,104
"Mon, Jan 6, 2020",7:00p,Brooklyn Nets,89,Orlando Magic,101
"Mon, Jan 6, 2020",7:00p,Oklahoma City Thunder,113,Philadelphia 76ers,120
"Mon, Jan 6, 2020",7:00p,Boston Celtics,94,Washington Wizards,99
"Mon, Jan 6, 2020",7:30p,Denver Nuggets,123,Atlanta Hawks,115
"Mon, Jan 6, 2020",8:00p,Utah Jazz,128,New Orleans Pelicans,126
"Mon, Jan 6, 2020",8:30p,Chicago Bulls,110,Dallas Mavericks,118
"Mon, Jan 6, 2020",8:30p,Milwaukee Bucks,104,San Antonio Spurs,126
"Mon, Jan 6, 2020",10:00p,Golden State Warriors,98,Sacramento Kings,111
"Tue, Jan 7, 2020",7:00p,Detroit Pistons,115,Cleveland Cavaliers,113
"Tue, Jan 7, 2020",7:00p,Portland Trail Blazers,101,Toronto Raptors,99
"Tue, Jan 7, 2020",7:30p,Oklahoma City Thunder,111,Brooklyn Nets,103
"Tue, Jan 7, 2020",8:00p,Minnesota Timberwolves,112,Memphis Grizzlies,119
"Tue, Jan 7, 2020",9:00p,Sacramento Kings,114,Phoenix Suns,103
"Tue, Jan 7, 2020",10:30p,New York Knicks,87,Los Angeles Lakers,117
"Wed, Jan 8, 2020",7:00p,San Antonio Spurs,129,Boston Celtics,114
"Wed, Jan 8, 2020",7:00p,Toronto Raptors,112,Charlotte Hornets,110
"Wed, Jan 8, 2020",7:00p,Miami Heat,122,Indiana Pacers,108
"Wed, Jan 8, 2020",7:00p,Washington Wizards,89,Orlando Magic,123
"Wed, Jan 8, 2020",7:30p,Houston Rockets,122,Atlanta Hawks,115
"Wed, Jan 8, 2020",7:30p,Denver Nuggets,107,Dallas Mavericks,106
"Wed, Jan 8, 2020",8:00p,Chicago Bulls,108,New Orleans Pelicans,123
"Wed, Jan 8, 2020",9:00p,New York Knicks,104,Utah Jazz,128
"Wed, Jan 8, 2020",10:00p,Milwaukee Bucks,107,Golden State Warriors,98
"Thu, Jan 9, 2020",7:00p,Cleveland Cavaliers,115,Detroit Pistons,112
"Thu, Jan 9, 2020",7:00p,Boston Celtics,98,Philadelphia 76ers,109
"Thu, Jan 9, 2020",8:00p,Portland Trail Blazers,102,Minnesota Timberwolves,116
"Thu, Jan 9, 2020",9:30p,Houston Rockets,92,Oklahoma City Thunder,113
"Fri, Jan 10, 2020",7:00p,Atlanta Hawks,101,Washington Wizards,111
"Fri, Jan 10, 2020",7:15p,New Orleans Pelicans,123,New York Knicks,111
"Fri, Jan 10, 2020",7:30p,Miami Heat,113,Brooklyn Nets,117
"Fri, Jan 10, 2020",8:00p,Indiana Pacers,116,Chicago Bulls,105
"Fri, Jan 10, 2020",8:00p,San Antonio Spurs,121,Memphis Grizzlies,134
"Fri, Jan 10, 2020",9:00p,Orlando Magic,94,Phoenix Suns,98
"Fri, Jan 10, 2020",9:00p,Charlotte Hornets,92,Utah Jazz,109
"Fri, Jan 10, 2020",9:45p,Los Angeles Lakers,129,Dallas Mavericks,114
"Fri, Jan 10, 2020",10:00p,Milwaukee Bucks,127,Sacramento Kings,106
"Fri, Jan 10, 2020",10:30p,Golden State Warriors,100,Los Angeles Clippers,109
"Sat, Jan 11, 2020",5:00p,Minnesota Timberwolves,109,Houston Rockets,139
"Sat, Jan 11, 2020",7:00p,New Orleans Pelicans,105,Boston Celtics,140
"Sat, Jan 11, 2020",7:00p,Chicago Bulls,108,Detroit Pistons,99
"Sat, Jan 11, 2020",8:00p,Los Angeles Lakers,125,Oklahoma City Thunder,110
"Sat, Jan 11, 2020",8:30p,Philadelphia 76ers,91,Dallas Mavericks,109
"Sat, Jan 11, 2020",9:00p,Cleveland Cavaliers,111,Denver Nuggets,103
"Sat, Jan 11, 2020",10:00p,Milwaukee Bucks,122,Portland Trail Blazers,101
"Sun, Jan 12, 2020",3:30p,Miami Heat,121,New York Knicks,124
"Sun, Jan 12, 2020",3:30p,Utah Jazz,127,Washington Wizards,116
"Sun, Jan 12, 2020",6:00p,Atlanta Hawks,86,Brooklyn Nets,108
"Sun, Jan 12, 2020",6:00p,Golden State Warriors,102,Memphis Grizzlies,122
"Sun, Jan 12, 2020",6:00p,San Antonio Spurs,105,Toronto Raptors,104
"Sun, Jan 12, 2020",8:00p,Los Angeles Clippers,104,Denver Nuggets,114
"Sun, Jan 12, 2020",8:00p,Charlotte Hornets,92,Phoenix Suns,100
"Mon, Jan 13, 2020",7:00p,New Orleans Pelicans,117,Detroit Pistons,110
"Mon, Jan 13, 2020",7:00p,Philadelphia 76ers,95,Indiana Pacers,101
"Mon, Jan 13, 2020",7:30p,Chicago Bulls,101,Boston Celtics,113
"Mon, Jan 13, 2020",8:00p,Oklahoma City Thunder,117,Minnesota Timberwolves,104
"Mon, Jan 13, 2020",10:00p,Charlotte Hornets,112,Portland Trail Blazers,115
"Mon, Jan 13, 2020",10:00p,Orlando Magic,114,Sacramento Kings,112
"Mon, Jan 13, 2020",10:30p,Cleveland Cavaliers,99,Los Angeles Lakers,128
"Tue, Jan 14, 2020",7:30p,Phoenix Suns,110,Atlanta Hawks,123
"Tue, Jan 14, 2020",7:30p,Utah Jazz,118,Brooklyn Nets,107
"Tue, Jan 14, 2020",8:00p,Houston Rockets,110,Memphis Grizzlies,121
"Tue, Jan 14, 2020",8:00p,New York Knicks,102,Milwaukee Bucks,128
"Tue, Jan 14, 2020",10:30p,Dallas Mavericks,124,Golden State Warriors,97
"Tue, Jan 14, 2020",10:30p,Cleveland Cavaliers,103,Los Angeles Clippers,128
"Wed, Jan 15, 2020",7:00p,Detroit Pistons,116,Boston Celtics,103
"Wed, Jan 15, 2020",7:00p,Brooklyn Nets,106,Philadelphia 76ers,117
"Wed, Jan 15, 2020",7:30p,San Antonio Spurs,100,Miami Heat,106
"Wed, Jan 15, 2020",8:00p,Washington Wizards,106,Chicago Bulls,115
"Wed, Jan 15, 2020",8:00p,Indiana Pacers,104,Minnesota Timberwolves,99
"Wed, Jan 15, 2020",8:00p,Toronto Raptors,130,Oklahoma City Thunder,121
"Wed, Jan 15, 2020",9:00p,Charlotte Hornets,86,Denver Nuggets,100
"Wed, Jan 15, 2020",9:30p,Portland Trail Blazers,117,Houston Rockets,107
"Wed, Jan 15, 2020",10:00p,Dallas Mavericks,127,Sacramento Kings,123
"Wed, Jan 15, 2020",10:30p,Orlando Magic,119,Los Angeles Lakers,118
"Thu, Jan 16, 2020",7:30p,Phoenix Suns,121,New York Knicks,98
"Thu, Jan 16, 2020",8:00p,Boston Celtics,123,Milwaukee Bucks,128
"Thu, Jan 16, 2020",8:00p,Utah Jazz,132,New Orleans Pelicans,138
"Thu, Jan 16, 2020",10:30p,Denver Nuggets,134,Golden State Warriors,131
"Thu, Jan 16, 2020",10:30p,Orlando Magic,95,Los Angeles Clippers,122
"Fri, Jan 17, 2020",7:00p,Minnesota Timberwolves,114,Indiana Pacers,116
"Fri, Jan 17, 2020",7:00p,Chicago Bulls,89,Philadelphia 76ers,100
"Fri, Jan 17, 2020",7:00p,Washington Wizards,111,Toronto Raptors,140
"Fri, Jan 17, 2020",8:00p,Cleveland Cavaliers,109,Memphis Grizzlies,113
"Fri, Jan 17, 2020",8:00p,Miami Heat,115,Oklahoma City Thunder,108
"Fri, Jan 17, 2020",8:30p,Atlanta Hawks,121,San Antonio Spurs,120
"Fri, Jan 17, 2020",9:30p,Portland Trail Blazers,112,Dallas Mavericks,120
"Sat, Jan 18, 2020",3:30p,Los Angeles Clippers,133,New Orleans Pelicans,130
"Sat, Jan 18, 2020",6:00p,Milwaukee Bucks,117,Brooklyn Nets,97
"Sat, Jan 18, 2020",7:00p,Phoenix Suns,123,Boston Celtics,119
"Sat, Jan 18, 2020",7:30p,Detroit Pistons,136,Atlanta Hawks,103
"Sat, Jan 18, 2020",7:30p,Philadelphia 76ers,90,New York Knicks,87
"Sat, Jan 18, 2020",8:00p,Cleveland Cavaliers,116,Chicago Bulls,118
"Sat, Jan 18, 2020",8:00p,Toronto Raptors,122,Minnesota Timberwolves,112
"Sat, Jan 18, 2020",8:30p,Orlando Magic,95,Golden State Warriors,109
"Sat, Jan 18, 2020",8:30p,Los Angeles Lakers,124,Houston Rockets,115
"Sat, Jan 18, 2020",9:00p,Portland Trail Blazers,106,Oklahoma City Thunder,119
"Sat, Jan 18, 2020",9:00p,Sacramento Kings,101,Utah Jazz,123
"Sun, Jan 19, 2020",3:00p,Miami Heat,102,San Antonio Spurs,107
"Sun, Jan 19, 2020",8:00p,Indiana Pacers,115,Denver Nuggets,107
"Mon, Jan 20, 2020",2:00p,Detroit Pistons,100,Washington Wizards,106
"Mon, Jan 20, 2020",2:30p,Toronto Raptors,122,Atlanta Hawks,117
"Mon, Jan 20, 2020",3:00p,Philadelphia 76ers,117,Brooklyn Nets,111
"Mon, Jan 20, 2020",5:00p,Orlando Magic,106,Charlotte Hornets,83
"Mon, Jan 20, 2020",5:00p,New York Knicks,106,Cleveland Cavaliers,86
"Mon, Jan 20, 2020",5:00p,Oklahoma City Thunder,112,Houston Rockets,107
"Mon, Jan 20, 2020",5:00p,New Orleans Pelicans,126,Memphis Grizzlies,116
"Mon, Jan 20, 2020",5:00p,Sacramento Kings,113,Miami Heat,118
"Mon, Jan 20, 2020",5:00p,Chicago Bulls,98,Milwaukee Bucks,111
"Mon, Jan 20, 2020",7:30p,Los Angeles Lakers,107,Boston Celtics,139
"Mon, Jan 20, 2020",8:00p,Denver Nuggets,107,Minnesota Timberwolves,100
"Mon, Jan 20, 2020",9:00p,San Antonio Spurs,120,Phoenix Suns,118
"Mon, Jan 20, 2020",9:00p,Indiana Pacers,88,Utah Jazz,118
"Mon, Jan 20, 2020",10:00p,Golden State Warriors,124,Portland Trail Blazers,129
"Tue, Jan 21, 2020",8:30p,Los Angeles Clippers,110,Dallas Mavericks,107
"Wed, Jan 22, 2020",7:00p,Sacramento Kings,106,Detroit Pistons,127
"Wed, Jan 22, 2020",7:00p,Oklahoma City Thunder,120,Orlando Magic,114
"Wed, Jan 22, 2020",7:00p,Philadelphia 76ers,95,Toronto Raptors,107
"Wed, Jan 22, 2020",7:30p,Los Angeles Clippers,95,Atlanta Hawks,102
"Wed, Jan 22, 2020",7:30p,Memphis Grizzlies,95,Boston Celtics,119
"Wed, Jan 22, 2020",7:30p,Washington Wizards,129,Miami Heat,134
"Wed, Jan 22, 2020",7:30p,Los Angeles Lakers,100,New York Knicks,92
"Wed, Jan 22, 2020",8:00p,Minnesota Timberwolves,110,Chicago Bulls,117
"Wed, Jan 22, 2020",8:00p,Denver Nuggets,105,Houston Rockets,121
"Wed, Jan 22, 2020",9:00p,Indiana Pacers,112,Phoenix Suns,87
"Wed, Jan 22, 2020",9:30p,San Antonio Spurs,121,New Orleans Pelicans,117
"Wed, Jan 22, 2020",10:00p,Utah Jazz,129,Golden State Warriors,96
"Thu, Jan 23, 2020",7:00p,Washington Wizards,124,Cleveland Cavaliers,112
"Thu, Jan 23, 2020",8:00p,Los Angeles Lakers,128,Brooklyn Nets,113
"Thu, Jan 23, 2020",10:30p,Dallas Mavericks,133,Portland Trail Blazers,125
"Fri, Jan 24, 2020",3:00p,Milwaukee Bucks,116,Charlotte Hornets,103
"Fri, Jan 24, 2020",7:00p,Memphis Grizzlies,125,Detroit Pistons,112
"Fri, Jan 24, 2020",7:00p,Boston Celtics,109,Orlando Magic,98
"Fri, Jan 24, 2020",7:30p,Toronto Raptors,118,New York Knicks,112
"Fri, Jan 24, 2020",8:00p,Sacramento Kings,98,Chicago Bulls,81
"Fri, Jan 24, 2020",8:00p,Los Angeles Clippers,122,Miami Heat,117
"Fri, Jan 24, 2020",8:00p,Houston Rockets,131,Minnesota Timberwolves,124
"Fri, Jan 24, 2020",8:00p,Denver Nuggets,113,New Orleans Pelicans,106
"Fri, Jan 24, 2020",8:00p,Atlanta Hawks,111,Oklahoma City Thunder,140
"Fri, Jan 24, 2020",8:30p,Phoenix Suns,103,San Antonio Spurs,99
"Fri, Jan 24, 2020",10:30p,Indiana Pacers,129,Golden State Warriors,118
"Sat, Jan 25, 2020",5:00p,Dallas Mavericks,107,Utah Jazz,112
"Sat, Jan 25, 2020",7:00p,Brooklyn Nets,121,Detroit Pistons,111
"Sat, Jan 25, 2020",8:00p,Chicago Bulls,118,Cleveland Cavaliers,106
"Sat, Jan 25, 2020",8:00p,Oklahoma City Thunder,113,Minnesota Timberwolves,104
"Sat, Jan 25, 2020",8:30p,Los Angeles Lakers,91,Philadelphia 76ers,108
"Sun, Jan 26, 2020",3:30p,Houston Rockets,110,Denver Nuggets,117
"Sun, Jan 26, 2020",4:00p,Toronto Raptors,110,San Antonio Spurs,106
"Sun, Jan 26, 2020",6:00p,Washington Wizards,133,Atlanta Hawks,152
"Sun, Jan 26, 2020",6:00p,Phoenix Suns,109,Memphis Grizzlies,114
"Sun, Jan 26, 2020",6:00p,Boston Celtics,108,New Orleans Pelicans,123
"Sun, Jan 26, 2020",6:00p,Brooklyn Nets,97,New York Knicks,110
"Sun, Jan 26, 2020",6:00p,Los Angeles Clippers,112,Orlando Magic,97
"Sun, Jan 26, 2020",9:00p,Indiana Pacers,129,Portland Trail Blazers,139
"Mon, Jan 27, 2020",7:00p,Cleveland Cavaliers,115,Detroit Pistons,100
"Mon, Jan 27, 2020",7:30p,Orlando Magic,92,Miami Heat,113
"Mon, Jan 27, 2020",8:00p,San Antonio Spurs,109,Chicago Bulls,110
"Mon, Jan 27, 2020",8:00p,Sacramento Kings,133,Minnesota Timberwolves,129
"Mon, Jan 27, 2020",8:00p,Dallas Mavericks,107,Oklahoma City Thunder,97
"Mon, Jan 27, 2020",9:00p,Houston Rockets,126,Utah Jazz,117
"Tue, Jan 28, 2020",7:00p,New York Knicks,92,Charlotte Hornets,97
"Tue, Jan 28, 2020",7:00p,Golden State Warriors,104,Philadelphia 76ers,115
"Tue, Jan 28, 2020",7:30p,New Orleans Pelicans,125,Cleveland Cavaliers,111
"Tue, Jan 28, 2020",7:30p,Atlanta Hawks,114,Toronto Raptors,130
"Tue, Jan 28, 2020",8:00p,Denver Nuggets,96,Memphis Grizzlies,104
"Tue, Jan 28, 2020",8:00p,Boston Celtics,109,Miami Heat,101
"Tue, Jan 28, 2020",8:00p,Washington Wizards,131,Milwaukee Bucks,151
"Tue, Jan 28, 2020",8:30p,Phoenix Suns,133,Dallas Mavericks,104
"Wed, Jan 29, 2020",7:00p,Chicago Bulls,106,Indiana Pacers,115
"Wed, Jan 29, 2020",7:30p,Detroit Pistons,115,Brooklyn Nets,125
"Wed, Jan 29, 2020",7:30p,Memphis Grizzlies,127,New York Knicks,106
"Wed, Jan 29, 2020",8:30p,Utah Jazz,120,San Antonio Spurs,127
"Wed, Jan 29, 2020",10:00p,Houston Rockets,112,Portland Trail Blazers,125
"Wed, Jan 29, 2020",10:00p,Oklahoma City Thunder,120,Sacramento Kings,100
"Thu, Jan 30, 2020",7:00p,Toronto Raptors,115,Cleveland Cavaliers,109
"Thu, Jan 30, 2020",7:00p,Charlotte Hornets,107,Washington Wizards,121
"Thu, Jan 30, 2020",7:30p,Philadelphia 76ers,117,Atlanta Hawks,127
"Thu, Jan 30, 2020",8:00p,Golden State Warriors,104,Boston Celtics,119
"Thu, Jan 30, 2020",10:30p,Utah Jazz,100,Denver Nuggets,106
"Thu, Jan 30, 2020",10:30p,Sacramento Kings,124,Los Angeles Clippers,103
"Fri, Jan 31, 2020",7:00p,Toronto Raptors,105,Detroit Pistons,92
"Fri, Jan 31, 2020",7:30p,Chicago Bulls,118,Brooklyn Nets,133
"Fri, Jan 31, 2020",7:30p,Dallas Mavericks,121,Houston Rockets,128
"Fri, Jan 31, 2020",8:00p,Memphis Grizzlies,111,New Orleans Pelicans,139
"Fri, Jan 31, 2020",9:00p,Denver Nuggets,127,Milwaukee Bucks,115
"Fri, Jan 31, 2020",9:00p,Oklahoma City Thunder,111,Phoenix Suns,107
"Fri, Jan 31, 2020",10:30p,Portland Trail Blazers,127,Los Angeles Lakers,119
"Sat, Feb 1, 2020",3:30p,Minnesota Timberwolves,106,Los Angeles Clippers,118
"Sat, Feb 1, 2020",7:00p,New York Knicks,92,Indiana Pacers,85
"Sat, Feb 1, 2020",7:00p,Miami Heat,102,Orlando Magic,89
"Sat, Feb 1, 2020",8:00p,Golden State Warriors,131,Cleveland Cavaliers,112
"Sat, Feb 1, 2020",8:00p,Brooklyn Nets,107,Washington Wizards,113
"Sat, Feb 1, 2020",8:30p,Philadelphia 76ers,95,Boston Celtics,116
"Sat, Feb 1, 2020",8:30p,Atlanta Hawks,100,Dallas Mavericks,123
"Sat, Feb 1, 2020",9:00p,Charlotte Hornets,90,San Antonio Spurs,114
"Sat, Feb 1, 2020",10:00p,Los Angeles Lakers,129,Sacramento Kings,113
"Sat, Feb 1, 2020",10:30p,Utah Jazz,107,Portland Trail Blazers,124
"Sun, Feb 2, 2020",12:30p,Denver Nuggets,123,Detroit Pistons,128
"Sun, Feb 2, 2020",2:00p,New Orleans Pelicans,109,Houston Rockets,117
"Sun, Feb 2, 2020",2:00p,Phoenix Suns,108,Milwaukee Bucks,129
"Sun, Feb 2, 2020",3:00p,Chicago Bulls,102,Toronto Raptors,129
"Mon, Feb 3, 2020",7:00p,Orlando Magic,112,Charlotte Hornets,100
"Mon, Feb 3, 2020",7:00p,New York Knicks,139,Cleveland Cavaliers,134
"Mon, Feb 3, 2020",7:00p,Dallas Mavericks,112,Indiana Pacers,103
"Mon, Feb 3, 2020",7:00p,Golden State Warriors,125,Washington Wizards,117
"Mon, Feb 3, 2020",7:30p,Boston Celtics,123,Atlanta Hawks,115
"Mon, Feb 3, 2020",7:30p,Phoenix Suns,97,Brooklyn Nets,119
"Mon, Feb 3, 2020",7:30p,Philadelphia 76ers,106,Miami Heat,137
"Mon, Feb 3, 2020",8:00p,Detroit Pistons,82,Memphis Grizzlies,96
"Mon, Feb 3, 2020",10:00p,Minnesota Timberwolves,109,Sacramento Kings,113
"Mon, Feb 3, 2020",10:30p,San Antonio Spurs,105,Los Angeles Clippers,108
"Tue, Feb 4, 2020",7:30p,Milwaukee Bucks,120,New Orleans Pelicans,108
"Tue, Feb 4, 2020",8:00p,Charlotte Hornets,110,Houston Rockets,125
"Tue, Feb 4, 2020",9:00p,Portland Trail Blazers,99,Denver Nuggets,127
"Tue, Feb 4, 2020",10:00p,San Antonio Spurs,102,Los Angeles Lakers,129
"Wed, Feb 5, 2020",7:00p,Phoenix Suns,108,Detroit Pistons,116
"Wed, Feb 5, 2020",7:30p,Orlando Magic,100,Boston Celtics,116
"Wed, Feb 5, 2020",7:30p,Golden State Warriors,88,Brooklyn Nets,129
"Wed, Feb 5, 2020",7:30p,Indiana Pacers,118,Toronto Raptors,119
"Wed, Feb 5, 2020",8:00p,Atlanta Hawks,127,Minnesota Timberwolves,120
"Wed, Feb 5, 2020",8:00p,Cleveland Cavaliers,103,Oklahoma City Thunder,109
"Wed, Feb 5, 2020",8:30p,Memphis Grizzlies,121,Dallas Mavericks,107
"Wed, Feb 5, 2020",9:00p,Denver Nuggets,98,Utah Jazz,95
"Wed, Feb 5, 2020",10:00p,Miami Heat,111,Los Angeles Clippers,128
"Thu, Feb 6, 2020",7:30p,Orlando Magic,103,New York Knicks,105
"Thu, Feb 6, 2020",8:00p,New Orleans Pelicans,125,Chicago Bulls,119
"Thu, Feb 6, 2020",8:00p,Philadelphia 76ers,101,Milwaukee Bucks,112
"Thu, Feb 6, 2020",10:00p,San Antonio Spurs,117,Portland Trail Blazers,125
"Thu, Feb 6, 2020",10:30p,Houston Rockets,121,Los Angeles Lakers,111
"Fri, Feb 7, 2020",7:00p,Memphis Grizzlies,107,Philadelphia 76ers,119
"Fri, Feb 7, 2020",7:00p,Dallas Mavericks,118,Washington Wizards,119
"Fri, Feb 7, 2020",7:30p,Atlanta Hawks,107,Boston Celtics,112
"Fri, Feb 7, 2020",8:00p,Toronto Raptors,115,Indiana Pacers,106
"Fri, Feb 7, 2020",8:00p,Detroit Pistons,101,Oklahoma City Thunder,108
"Fri, Feb 7, 2020",9:00p,Houston Rockets,91,Phoenix Suns,127
"Fri, Feb 7, 2020",10:00p,Miami Heat,97,Sacramento Kings,105
"Fri, Feb 7, 2020",10:30p,Portland Trail Blazers,114,Utah Jazz,117
"Sat, Feb 8, 2020",5:00p,Milwaukee Bucks,111,Orlando Magic,95
"Sat, Feb 8, 2020",7:00p,Dallas Mavericks,116,Charlotte Hornets,100
"Sat, Feb 8, 2020",7:00p,New York Knicks,95,Detroit Pistons,92
"Sat, Feb 8, 2020",7:30p,New Orleans Pelicans,124,Indiana Pacers,117
"Sat, Feb 8, 2020",7:30p,Brooklyn Nets,118,Toronto Raptors,119
"Sat, Feb 8, 2020",8:00p,Los Angeles Clippers,115,Minnesota Timberwolves,142
"Sat, Feb 8, 2020",8:30p,Los Angeles Lakers,125,Golden State Warriors,120
"Sat, Feb 8, 2020",9:00p,Denver Nuggets,117,Phoenix Suns,108
"Sat, Feb 8, 2020",10:00p,San Antonio Spurs,102,Sacramento Kings,122
"Sun, Feb 9, 2020",3:30p,Boston Celtics,112,Oklahoma City Thunder,111
"Sun, Feb 9, 2020",6:00p,New York Knicks,135,Atlanta Hawks,140
"Sun, Feb 9, 2020",6:00p,Chicago Bulls,111,Philadelphia 76ers,118
"Sun, Feb 9, 2020",6:00p,Memphis Grizzlies,106,Washington Wizards,99
"Sun, Feb 9, 2020",7:00p,Utah Jazz,114,Houston Rockets,113
"Sun, Feb 9, 2020",7:30p,Los Angeles Clippers,133,Cleveland Cavaliers,92
"Sun, Feb 9, 2020",9:00p,Miami Heat,109,Portland Trail Blazers,115
"Mon, Feb 10, 2020",7:00p,Charlotte Hornets,87,Detroit Pistons,76
"Mon, Feb 10, 2020",7:00p,Brooklyn Nets,106,Indiana Pacers,105
"Mon, Feb 10, 2020",7:00p,Atlanta Hawks,126,Orlando Magic,135
"Mon, Feb 10, 2020",7:30p,Minnesota Timberwolves,126,Toronto Raptors,137
"Mon, Feb 10, 2020",8:00p,Sacramento Kings,111,Milwaukee Bucks,123
"Mon, Feb 10, 2020",8:30p,Utah Jazz,123,Dallas Mavericks,119
"Mon, Feb 10, 2020",9:00p,San Antonio Spurs,120,Denver Nuggets,127
"Mon, Feb 10, 2020",10:30p,Miami Heat,113,Golden State Warriors,101
"Mon, Feb 10, 2020",10:30p,Phoenix Suns,100,Los Angeles Lakers,125
"Tue, Feb 11, 2020",7:00p,Los Angeles Clippers,103,Philadelphia 76ers,110
"Tue, Feb 11, 2020",7:00p,Chicago Bulls,114,Washington Wizards,126
"Tue, Feb 11, 2020",8:00p,Portland Trail Blazers,117,New Orleans Pelicans,138
"Tue, Feb 11, 2020",8:00p,San Antonio Spurs,114,Oklahoma City Thunder,106
"Tue, Feb 11, 2020",9:30p,Boston Celtics,105,Houston Rockets,116
"Wed, Feb 12, 2020",7:00p,Atlanta Hawks,105,Cleveland Cavaliers,127
"Wed, Feb 12, 2020",7:00p,Detroit Pistons,112,Orlando Magic,116
"Wed, Feb 12, 2020",7:30p,Toronto Raptors,91,Brooklyn Nets,101
"Wed, Feb 12, 2020",7:30p,Milwaukee Bucks,111,Indiana Pacers,118
"Wed, Feb 12, 2020",7:30p,Washington Wizards,114,New York Knicks,96
"Wed, Feb 12, 2020",8:00p,Portland Trail Blazers,104,Memphis Grizzlies,111
"Wed, Feb 12, 2020",8:00p,Charlotte Hornets,115,Minnesota Timberwolves,108
"Wed, Feb 12, 2020",8:30p,Sacramento Kings,111,Dallas Mavericks,130
"Wed, Feb 12, 2020",9:00p,Golden State Warriors,106,Phoenix Suns,112
"Wed, Feb 12, 2020",9:00p,Miami Heat,101,Utah Jazz,116
"Wed, Feb 12, 2020",10:00p,Los Angeles Lakers,120,Denver Nuggets,116
"Thu, Feb 13, 2020",8:00p,Los Angeles Clippers,133,Boston Celtics,141
"Thu, Feb 13, 2020",8:00p,Oklahoma City Thunder,123,New Orleans Pelicans,118
"Thu, Feb 20, 2020",7:00p,Milwaukee Bucks,126,Detroit Pistons,106
"Thu, Feb 20, 2020",7:30p,Miami Heat,124,Atlanta Hawks,129
"Thu, Feb 20, 2020",8:00p,Charlotte Hornets,103,Chicago Bulls,93
"Thu, Feb 20, 2020",8:00p,Brooklyn Nets,104,Philadelphia 76ers,112
"Thu, Feb 20, 2020",10:00p,Memphis Grizzlies,125,Sacramento Kings,129
"Thu, Feb 20, 2020",10:30p,Houston Rockets,135,Golden State Warriors,105
"Fri, Feb 21, 2020",7:00p,Dallas Mavericks,122,Orlando Magic,106
"Fri, Feb 21, 2020",7:00p,Cleveland Cavaliers,113,Washington Wizards,108
"Fri, Feb 21, 2020",7:30p,Indiana Pacers,106,New York Knicks,98
"Fri, Feb 21, 2020",7:30p,Phoenix Suns,101,Toronto Raptors,118
"Fri, Feb 21, 2020",8:00p,Boston Celtics,127,Minnesota Timberwolves,117
"Fri, Feb 21, 2020",8:00p,Denver Nuggets,101,Oklahoma City Thunder,113
"Fri, Feb 21, 2020",9:00p,San Antonio Spurs,113,Utah Jazz,104
"Fri, Feb 21, 2020",10:30p,Memphis Grizzlies,105,Los Angeles Lakers,117
"Fri, Feb 21, 2020",10:30p,New Orleans Pelicans,128,Portland Trail Blazers,115
"Sat, Feb 22, 2020",3:30p,Sacramento Kings,112,Los Angeles Clippers,103
"Sat, Feb 22, 2020",7:00p,Brooklyn Nets,115,Charlotte Hornets,86
"Sat, Feb 22, 2020",7:30p,Dallas Mavericks,107,Atlanta Hawks,111
"Sat, Feb 22, 2020",8:00p,Phoenix Suns,112,Chicago Bulls,104
"Sat, Feb 22, 2020",8:00p,Cleveland Cavaliers,105,Miami Heat,124
"Sat, Feb 22, 2020",8:30p,Philadelphia 76ers,98,Milwaukee Bucks,119
"Sat, Feb 22, 2020",9:00p,Houston Rockets,120,Utah Jazz,110
"Sun, Feb 23, 2020",3:30p,Boston Celtics,112,Los Angeles Lakers,114
"Sun, Feb 23, 2020",6:00p,Minnesota Timberwolves,116,Denver Nuggets,128
"Sun, Feb 23, 2020",6:00p,Indiana Pacers,81,Toronto Raptors,127
"Sun, Feb 23, 2020",7:00p,Washington Wizards,117,Chicago Bulls,126
"Sun, Feb 23, 2020",7:00p,San Antonio Spurs,103,Oklahoma City Thunder,131
"Sun, Feb 23, 2020",8:30p,New Orleans Pelicans,115,Golden State Warriors,101
"Sun, Feb 23, 2020",9:00p,Detroit Pistons,104,Portland Trail Blazers,107
"Mon, Feb 24, 2020",7:00p,Miami Heat,119,Cleveland Cavaliers,125
"Mon, Feb 24, 2020",7:00p,Atlanta Hawks,112,Philadelphia 76ers,129
"Mon, Feb 24, 2020",7:00p,Milwaukee Bucks,137,Washington Wizards,134
"Mon, Feb 24, 2020",7:30p,Orlando Magic,115,Brooklyn Nets,113
"Mon, Feb 24, 2020",8:00p,New York Knicks,112,Houston Rockets,123
"Mon, Feb 24, 2020",8:30p,Minnesota Timberwolves,123,Dallas Mavericks,139
"Mon, Feb 24, 2020",9:00p,Phoenix Suns,131,Utah Jazz,111
"Mon, Feb 24, 2020",10:30p,Memphis Grizzlies,97,Los Angeles Clippers,124
"Tue, Feb 25, 2020",7:00p,Charlotte Hornets,80,Indiana Pacers,119
"Tue, Feb 25, 2020",7:30p,Milwaukee Bucks,108,Toronto Raptors,97
"Tue, Feb 25, 2020",8:00p,Oklahoma City Thunder,124,Chicago Bulls,122
"Tue, Feb 25, 2020",9:00p,Detroit Pistons,98,Denver Nuggets,115
"Tue, Feb 25, 2020",10:00p,New Orleans Pelicans,109,Los Angeles Lakers,118
"Tue, Feb 25, 2020",10:00p,Boston Celtics,118,Portland Trail Blazers,106
"Tue, Feb 25, 2020",10:30p,Sacramento Kings,112,Golden State Warriors,94
"Wed, Feb 26, 2020",7:00p,New York Knicks,101,Charlotte Hornets,107
"Wed, Feb 26, 2020",7:00p,Philadelphia 76ers,94,Cleveland Cavaliers,108
"Wed, Feb 26, 2020",7:00p,Brooklyn Nets,106,Washington Wizards,110
"Wed, Feb 26, 2020",7:30p,Orlando Magic,130,Atlanta Hawks,120
"Wed, Feb 26, 2020",7:30p,Minnesota Timberwolves,129,Miami Heat,126
"Wed, Feb 26, 2020",8:00p,Memphis Grizzlies,112,Houston Rockets,140
"Wed, Feb 26, 2020",8:30p,Dallas Mavericks,109,San Antonio Spurs,103
"Wed, Feb 26, 2020",9:00p,Los Angeles Clippers,102,Phoenix Suns,92
"Wed, Feb 26, 2020",10:30p,Boston Celtics,114,Utah Jazz,103
"Thu, Feb 27, 2020",7:00p,New York Knicks,106,Philadelphia 76ers,115
"Thu, Feb 27, 2020",8:00p,Portland Trail Blazers,100,Indiana Pacers,106
"Thu, Feb 27, 2020",8:00p,Sacramento Kings,108,Oklahoma City Thunder,112
"Thu, Feb 27, 2020",10:30p,Los Angeles Lakers,116,Golden State Warriors,86
"Fri, Feb 28, 2020",7:00p,Minnesota Timberwolves,125,Orlando Magic,136
"Fri, Feb 28, 2020",7:30p,Brooklyn Nets,118,Atlanta Hawks,141
"Fri, Feb 28, 2020",7:30p,Charlotte Hornets,99,Toronto Raptors,96
"Fri, Feb 28, 2020",8:00p,Sacramento Kings,104,Memphis Grizzlies,101
"Fri, Feb 28, 2020",8:00p,Dallas Mavericks,118,Miami Heat,126
"Fri, Feb 28, 2020",8:00p,Oklahoma City Thunder,86,Milwaukee Bucks,133
"Fri, Feb 28, 2020",8:00p,Cleveland Cavaliers,104,New Orleans Pelicans,116
"Fri, Feb 28, 2020",9:00p,Detroit Pistons,113,Phoenix Suns,111
"Fri, Feb 28, 2020",9:00p,Washington Wizards,119,Utah Jazz,129
"Fri, Feb 28, 2020",10:30p,Denver Nuggets,103,Los Angeles Clippers,132
"Sat, Feb 29, 2020",5:00p,Chicago Bulls,115,New York Knicks,125
"Sat, Feb 29, 2020",7:30p,Portland Trail Blazers,117,Atlanta Hawks,129
"Sat, Feb 29, 2020",7:30p,Brooklyn Nets,113,Miami Heat,116
"Sat, Feb 29, 2020",8:00p,Indiana Pacers,113,Cleveland Cavaliers,104
"Sat, Feb 29, 2020",8:00p,Los Angeles Lakers,88,Memphis Grizzlies,105
"Sat, Feb 29, 2020",8:30p,Houston Rockets,111,Boston Celtics,110
"Sat, Feb 29, 2020",8:30p,Orlando Magic,113,San Antonio Spurs,114
"Sat, Feb 29, 2020",9:00p,Golden State Warriors,115,Phoenix Suns,99
"Sun, Mar 1, 2020",1:00p,Milwaukee Bucks,93,Charlotte Hornets,85
"Sun, Mar 1, 2020",3:30p,Philadelphia 76ers,130,Los Angeles Clippers,136
"Sun, Mar 1, 2020",3:30p,Dallas Mavericks,111,Minnesota Timberwolves,91
"Sun, Mar 1, 2020",6:00p,Toronto Raptors,118,Denver Nuggets,133
"Sun, Mar 1, 2020",6:00p,Detroit Pistons,100,Sacramento Kings,106
"Sun, Mar 1, 2020",8:00p,Los Angeles Lakers,122,New Orleans Pelicans,114
"Sun, Mar 1, 2020",8:30p,Washington Wizards,124,Golden State Warriors,110
"Mon, Mar 2, 2020",7:00p,Utah Jazz,126,Cleveland Cavaliers,113
"Mon, Mar 2, 2020",7:00p,Houston Rockets,123,New York Knicks,125
"Mon, Mar 2, 2020",7:00p,Portland Trail Blazers,130,Orlando Magic,107
"Mon, Mar 2, 2020",7:30p,Memphis Grizzlies,127,Atlanta Hawks,88
"Mon, Mar 2, 2020",7:30p,Milwaukee Bucks,89,Miami Heat,105
"Mon, Mar 2, 2020",8:00p,Dallas Mavericks,107,Chicago Bulls,109
"Mon, Mar 2, 2020",8:30p,Indiana Pacers,116,San Antonio Spurs,111
"Tue, Mar 3, 2020",7:00p,San Antonio Spurs,104,Charlotte Hornets,103
"Tue, Mar 3, 2020",7:30p,Brooklyn Nets,129,Boston Celtics,120
"Tue, Mar 3, 2020",8:00p,Minnesota Timberwolves,139,New Orleans Pelicans,134
"Tue, Mar 3, 2020",8:00p,Los Angeles Clippers,109,Oklahoma City Thunder,94
"Tue, Mar 3, 2020",9:00p,Golden State Warriors,116,Denver Nuggets,100
"Tue, Mar 3, 2020",9:00p,Toronto Raptors,123,Phoenix Suns,114
"Tue, Mar 3, 2020",10:00p,Philadelphia 76ers,107,Los Angeles Lakers,120
"Tue, Mar 3, 2020",10:00p,Washington Wizards,126,Sacramento Kings,133
"Wed, Mar 4, 2020",7:00p,Boston Celtics,112,Cleveland Cavaliers,106
"Wed, Mar 4, 2020",7:00p,Oklahoma City Thunder,114,Detroit Pistons,107
"Wed, Mar 4, 2020",7:00p,Indiana Pacers,100,Milwaukee Bucks,119
"Wed, Mar 4, 2020",7:30p,Memphis Grizzlies,118,Brooklyn Nets,79
"Wed, Mar 4, 2020",7:30p,Utah Jazz,112,New York Knicks,104
"Wed, Mar 4, 2020",7:30p,Orlando Magic,113,Miami Heat,116
"Wed, Mar 4, 2020",8:00p,Chicago Bulls,108,Minnesota Timberwolves,115
"Wed, Mar 4, 2020",9:30p,New Orleans Pelicans,123,Dallas Mavericks,127
"Wed, Mar 4, 2020",10:00p,Washington Wizards,104,Portland Trail Blazers,125
"Thu, Mar 5, 2020",7:00p,Denver Nuggets,114,Charlotte Hornets,112
"Thu, Mar 5, 2020",8:00p,Los Angeles Clippers,120,Houston Rockets,105
"Thu, Mar 5, 2020",10:00p,Philadelphia 76ers,125,Sacramento Kings,108
"Thu, Mar 5, 2020",10:30p,Toronto Raptors,121,Golden State Warriors,113
"Fri, Mar 6, 2020",7:00p,Atlanta Hawks,112,Washington Wizards,118
"Fri, Mar 6, 2020",7:30p,San Antonio Spurs,120,Brooklyn Nets,139
"Fri, Mar 6, 2020",7:30p,Oklahoma City Thunder,126,New York Knicks,103
"Fri, Mar 6, 2020",8:00p,Indiana Pacers,108,Chicago Bulls,102
"Fri, Mar 6, 2020",8:00p,Orlando Magic,132,Minnesota Timberwolves,118
"Fri, Mar 6, 2020",8:00p,Miami Heat,104,New Orleans Pelicans,110
"Fri, Mar 6, 2020",8:00p,Utah Jazz,99,Boston Celtics,94
"Fri, Mar 6, 2020",8:30p,Memphis Grizzlies,96,Dallas Mavericks,121
"Fri, Mar 6, 2020",9:00p,Portland Trail Blazers,117,Phoenix Suns,127
"Fri, Mar 6, 2020",10:30p,Milwaukee Bucks,103,Los Angeles Lakers,113
"Sat, Mar 7, 2020",5:00p,Houston Rockets,99,Charlotte Hornets,108
"Sat, Mar 7, 2020",7:00p,Utah Jazz,111,Detroit Pistons,105
"Sat, Mar 7, 2020",7:30p,Denver Nuggets,102,Cleveland Cavaliers,104
"Sat, Mar 7, 2020",8:00p,Atlanta Hawks,101,Memphis Grizzlies,118
"Sat, Mar 7, 2020",8:30p,Philadelphia 76ers,114,Golden State Warriors,118
"Sat, Mar 7, 2020",10:00p,Sacramento Kings,123,Portland Trail Blazers,111
"Sun, Mar 8, 2020",3:00p,Chicago Bulls,107,Brooklyn Nets,110
"Sun, Mar 8, 2020",3:30p,New Orleans Pelicans,120,Minnesota Timberwolves,107
"Sun, Mar 8, 2020",3:30p,Los Angeles Lakers,112,Los Angeles Clippers,103
"Sun, Mar 8, 2020",6:00p,Oklahoma City Thunder,105,Boston Celtics,104
"Sun, Mar 8, 2020",6:00p,Milwaukee Bucks,131,Phoenix Suns,140
"Sun, Mar 8, 2020",7:00p,Miami Heat,100,Washington Wizards,89
"Sun, Mar 8, 2020",7:00p,Indiana Pacers,112,Dallas Mavericks,109
"Sun, Mar 8, 2020",7:00p,Orlando Magic,126,Houston Rockets,106
"Sun, Mar 8, 2020",7:30p,Detroit Pistons,84,New York Knicks,96
"Sun, Mar 8, 2020",7:30p,San Antonio Spurs,129,Cleveland Cavaliers,132
"Sun, Mar 8, 2020",9:00p,Toronto Raptors,118,Sacramento Kings,113
"Mon, Mar 9, 2020",7:30p,Charlotte Hornets,138,Atlanta Hawks,143
"Mon, Mar 9, 2020",9:00p,Milwaukee Bucks,95,Denver Nuggets,109
"Mon, Mar 9, 2020",9:00p,Toronto Raptors,101,Utah Jazz,92
"Tue, Mar 10, 2020",7:00p,New York Knicks,115,Washington Wizards,122
"Tue, Mar 10, 2020",7:00p,Boston Celtics,114,Indiana Pacers,111
"Tue, Mar 10, 2020",8:00p,Minnesota Timberwolves,111,Houston Rockets,117
"Tue, Mar 10, 2020",8:00p,Dallas Mavericks,109,San Antonio Spurs,119
"Tue, Mar 10, 2020",8:00p,Orlando Magic,120,Memphis Grizzlies,115
"Tue, Mar 10, 2020",8:00p,Cleveland Cavaliers,103,Chicago Bulls,108
"Tue, Mar 10, 2020",10:00p,Phoenix Suns,105,Portland Trail Blazers,121
"Tue, Mar 10, 2020",10:30p,Brooklyn Nets,104,Los Angeles Lakers,102
"Tue, Mar 10, 2020",10:30p,Los Angeles Clippers,131,Golden State Warriors,107
"Wed, Mar 11, 2020",7:00p,Detroit Pistons,106,Philadelphia 76ers,124
"Wed, Mar 11, 2020",7:30p,New York Knicks,136,Atlanta Hawks,131
"Wed, Mar 11, 2020",7:30p,Charlotte Hornets,109,Miami Heat,98
"Wed, Mar 11, 2020",8:00p,Denver Nuggets,97,Dallas Mavericks,113
"Thu, Jul 30, 2020",6:30p,Utah Jazz,106,New Orleans Pelicans,104
"Thu, Jul 30, 2020",9:00p,Los Angeles Clippers,101,Los Angeles Lakers,103
"Fri, Jul 31, 2020",2:30p,Orlando Magic,128,Brooklyn Nets,118
"Fri, Jul 31, 2020",4:00p,Memphis Grizzlies,135,Portland Trail Blazers,140
"Fri, Jul 31, 2020",4:00p,Phoenix Suns,125,Washington Wizards,112
"Fri, Jul 31, 2020",6:30p,Boston Celtics,112,Milwaukee Bucks,119
"Fri, Jul 31, 2020",8:00p,Sacramento Kings,120,San Antonio Spurs,129
"Fri, Jul 31, 2020",9:00p,Houston Rockets,153,Dallas Mavericks,149
"Sat, Aug 1, 2020",1:00p,Miami Heat,125,Denver Nuggets,105
"Sat, Aug 1, 2020",3:30p,Utah Jazz,94,Oklahoma City Thunder,110
"Sat, Aug 1, 2020",6:00p,New Orleans Pelicans,103,Los Angeles Clippers,126
"Sat, Aug 1, 2020",7:00p,Philadelphia 76ers,121,Indiana Pacers,127
"Sat, Aug 1, 2020",8:30p,Los Angeles Lakers,92,Toronto Raptors,107
"Sun, Aug 2, 2020",2:00p,Washington Wizards,110,Brooklyn Nets,118
"Sun, Aug 2, 2020",3:30p,Portland Trail Blazers,124,Boston Celtics,128
"Sun, Aug 2, 2020",4:00p,San Antonio Spurs,108,Memphis Grizzlies,106
"Sun, Aug 2, 2020",6:00p,Sacramento Kings,116,Orlando Magic,132
"Sun, Aug 2, 2020",8:30p,Milwaukee Bucks,116,Houston Rockets,120
"Sun, Aug 2, 2020",9:00p,Dallas Mavericks,115,Phoenix Suns,117
"Mon, Aug 3, 2020",1:30p,Toronto Raptors,107,Miami Heat,103
"Mon, Aug 3, 2020",4:00p,Denver Nuggets,121,Oklahoma City Thunder,113
"Mon, Aug 3, 2020",4:00p,Indiana Pacers,111,Washington Wizards,100
"Mon, Aug 3, 2020",6:30p,Memphis Grizzlies,99,New Orleans Pelicans,109
"Mon, Aug 3, 2020",8:00p,San Antonio Spurs,130,Philadelphia 76ers,132
"Mon, Aug 3, 2020",9:00p,Los Angeles Lakers,116,Utah Jazz,108
"Tue, Aug 4, 2020",1:30p,Brooklyn Nets,119,Milwaukee Bucks,116
"Tue, Aug 4, 2020",2:30p,Dallas Mavericks,114,Sacramento Kings,110
"Tue, Aug 4, 2020",4:00p,Phoenix Suns,117,Los Angeles Clippers,115
"Tue, Aug 4, 2020",6:00p,Orlando Magic,109,Indiana Pacers,120
"Tue, Aug 4, 2020",6:30p,Boston Celtics,106,Miami Heat,112
"Tue, Aug 4, 2020",9:00p,Houston Rockets,102,Portland Trail Blazers,110
"Wed, Aug 5, 2020",2:30p,Memphis Grizzlies,115,Utah Jazz,124
"Wed, Aug 5, 2020",4:00p,Denver Nuggets,132,San Antonio Spurs,126
"Wed, Aug 5, 2020",4:00p,Philadelphia 76ers,107,Washington Wizards,98
"Wed, Aug 5, 2020",6:30p,Oklahoma City Thunder,105,Los Angeles Lakers,86
"Wed, Aug 5, 2020",8:00p,Toronto Raptors,109,Orlando Magic,99
"Wed, Aug 5, 2020",9:00p,Brooklyn Nets,115,Boston Celtics,149
"Thu, Aug 6, 2020",1:30p,New Orleans Pelicans,125,Sacramento Kings,140
"Thu, Aug 6, 2020",4:00p,Miami Heat,116,Milwaukee Bucks,130
"Thu, Aug 6, 2020",4:00p,Indiana Pacers,99,Phoenix Suns,114
"Thu, Aug 6, 2020",6:30p,Los Angeles Clippers,126,Dallas Mavericks,111
"Thu, Aug 6, 2020",8:00p,Portland Trail Blazers,125,Denver Nuggets,115
"Thu, Aug 6, 2020",9:00p,Los Angeles Lakers,97,Houston Rockets,113
"Fri, Aug 7, 2020",1:00p,Utah Jazz,111,San Antonio Spurs,119
"Fri, Aug 7, 2020",4:00p,Oklahoma City Thunder,92,Memphis Grizzlies,121
"Fri, Aug 7, 2020",5:00p,Sacramento Kings,106,Brooklyn Nets,119
"Fri, Aug 7, 2020",6:30p,Orlando Magic,101,Philadelphia 76ers,108
"Fri, Aug 7, 2020",8:00p,Washington Wizards,107,New Orleans Pelicans,118
"Fri, Aug 7, 2020",9:00p,Boston Celtics,122,Toronto Raptors,100
"Sat, Aug 8, 2020",1:00p,Los Angeles Clippers,122,Portland Trail Blazers,117
"Sat, Aug 8, 2020",3:30p,Utah Jazz,132,Denver Nuggets,134
"Sat, Aug 8, 2020",6:00p,Los Angeles Lakers,111,Indiana Pacers,116
"Sat, Aug 8, 2020",7:30p,Phoenix Suns,119,Miami Heat,112
"Sat, Aug 8, 2020",8:30p,Milwaukee Bucks,132,Dallas Mavericks,136
"Sun, Aug 9, 2020",12:30p,Washington Wizards,103,Oklahoma City Thunder,121
"Sun, Aug 9, 2020",2:00p,Memphis Grizzlies,99,Toronto Raptors,108
"Sun, Aug 9, 2020",3:00p,San Antonio Spurs,122,New Orleans Pelicans,113
"Sun, Aug 9, 2020",5:00p,Orlando Magic,119,Boston Celtics,122
"Sun, Aug 9, 2020",6:30p,Philadelphia 76ers,121,Portland Trail Blazers,124
"Sun, Aug 9, 2020",8:00p,Houston Rockets,129,Sacramento Kings,112
"Sun, Aug 9, 2020",9:00p,Brooklyn Nets,129,Los Angeles Clippers,120
"Mon, Aug 10, 2020",2:30p,Oklahoma City Thunder,101,Phoenix Suns,128
"Mon, Aug 10, 2020",3:00p,Dallas Mavericks,122,Utah Jazz,114
"Mon, Aug 10, 2020",6:30p,Toronto Raptors,114,Milwaukee Bucks,106
"Mon, Aug 10, 2020",8:00p,Indiana Pacers,92,Miami Heat,114
"Mon, Aug 10, 2020",9:00p,Denver Nuggets,121,Los Angeles Lakers,124
"Tue, Aug 11, 2020",1:00p,Brooklyn Nets,108,Orlando Magic,96
"Tue, Aug 11, 2020",2:00p,Houston Rockets,105,San Antonio Spurs,123
"Tue, Aug 11, 2020",4:30p,Phoenix Suns,130,Philadelphia 76ers,117
"Tue, Aug 11, 2020",5:00p,Boston Celtics,122,Memphis Grizzlies,107
"Tue, Aug 11, 2020",6:30p,Portland Trail Blazers,134,Dallas Mavericks,131
"Tue, Aug 11, 2020",9:00p,New Orleans Pelicans,106,Sacramento Kings,112
"Tue, Aug 11, 2020",9:00p,Milwaukee Bucks,126,Washington Wizards,113
"Wed, Aug 12, 2020",4:00p,Indiana Pacers,108,Houston Rockets,104
"Wed, Aug 12, 2020",6:30p,Toronto Raptors,125,Philadelphia 76ers,121
"Wed, Aug 12, 2020",8:00p,Miami Heat,115,Oklahoma City Thunder,116
"Wed, Aug 12, 2020",9:00p,Los Angeles Clippers,124,Denver Nuggets,111
"Thu, Aug 13, 2020",12:00p,Washington Wizards,96,Boston Celtics,90
"Thu, Aug 13, 2020",1:30p,Sacramento Kings,136,Los Angeles Lakers,122
"Thu, Aug 13, 2020",4:00p,Milwaukee Bucks,106,Memphis Grizzlies,119
"Thu, Aug 13, 2020",4:00p,Dallas Mavericks,102,Phoenix Suns,128
"Thu, Aug 13, 2020",6:30p,San Antonio Spurs,112,Utah Jazz,118
"Thu, Aug 13, 2020",9:00p,Portland Trail Blazers,134,Brooklyn Nets,133
"Thu, Aug 13, 2020",9:00p,New Orleans Pelicans,127,Orlando Magic,133
"Fri, Aug 14, 2020",1:30p,Denver Nuggets,109,Toronto Raptors,117
"Fri, Aug 14, 2020",4:00p,Miami Heat,92,Indiana Pacers,109
"Fri, Aug 14, 2020",6:30p,Oklahoma City Thunder,103,Los Angeles Clippers,107
"Fri, Aug 14, 2020",9:00p,Philadelphia 76ers,134,Houston Rockets,96
"Sat, Aug 15, 2020",2:30p,Memphis Grizzlies,122,Portland Trail Blazers,126
"Mon, Aug 17, 2020",1:30p,Utah Jazz,125,Denver Nuggets,135
"Mon, Aug 17, 2020",4:00p,Brooklyn Nets,110,Toronto Raptors,134
"Mon, Aug 17, 2020",6:30p,Philadelphia 76ers,101,Boston Celtics,109
"Mon, Aug 17, 2020",9:00p,Dallas Mavericks,110,Los Angeles Clippers,118
"Tue, Aug 18, 2020",1:30p,Orlando Magic,122,Milwaukee Bucks,110
"Tue, Aug 18, 2020",4:00p,Miami Heat,113,Indiana Pacers,101
"Tue, Aug 18, 2020",6:30p,Oklahoma City Thunder,108,Houston Rockets,123
"Tue, Aug 18, 2020",9:00p,Portland Trail Blazers,100,Los Angeles Lakers,93
"Wed, Aug 19, 2020",1:30p,Brooklyn Nets,99,Toronto Raptors,104
"Wed, Aug 19, 2020",4:00p,Utah Jazz,124,Denver Nuggets,105
"Wed, Aug 19, 2020",6:30p,Philadelphia 76ers,101,Boston Celtics,128
"Wed, Aug 19, 2020",9:00p,Dallas Mavericks,127,Los Angeles Clippers,114
"Thu, Aug 20, 2020",1:00p,Miami Heat,109,Indiana Pacers,100
"Thu, Aug 20, 2020",3:30p,Oklahoma City Thunder,98,Houston Rockets,111
"Thu, Aug 20, 2020",6:00p,Orlando Magic,96,Milwaukee Bucks,111
"Thu, Aug 20, 2020",9:00p,Portland Trail Blazers,88,Los Angeles Lakers,111
"Fri, Aug 21, 2020",1:30p,Toronto Raptors,117,Brooklyn Nets,92
"Fri, Aug 21, 2020",4:00p,Denver Nuggets,87,Utah Jazz,124
"Fri, Aug 21, 2020",6:30p,Boston Celtics,102,Philadelphia 76ers,94
"Fri, Aug 21, 2020",9:00p,Los Angeles Clippers,130,Dallas Mavericks,122
"Sat, Aug 22, 2020",1:00p,Milwaukee Bucks,121,Orlando Magic,107
"Sat, Aug 22, 2020",3:30p,Indiana Pacers,115,Miami Heat,124
"Sat, Aug 22, 2020",6:00p,Houston Rockets,107,Oklahoma City Thunder,119
"Sat, Aug 22, 2020",8:30p,Los Angeles Lakers,116,Portland Trail Blazers,108
"Sun, Aug 23, 2020",1:00p,Boston Celtics,110,Philadelphia 76ers,106
"Sun, Aug 23, 2020",3:30p,Los Angeles Clippers,133,Dallas Mavericks,135
"Sun, Aug 23, 2020",6:30p,Toronto Raptors,150,Brooklyn Nets,122
"Sun, Aug 23, 2020",9:00p,Denver Nuggets,127,Utah Jazz,129
"Mon, Aug 24, 2020",1:30p,Milwaukee Bucks,121,Orlando Magic,106
"Mon, Aug 24, 2020",4:00p,Houston Rockets,114,Oklahoma City Thunder,117
"Mon, Aug 24, 2020",6:30p,Indiana Pacers,87,Miami Heat,99
"Mon, Aug 24, 2020",9:00p,Los Angeles Lakers,135,Portland Trail Blazers,115
"Tue, Aug 25, 2020",6:30p,Utah Jazz,107,Denver Nuggets,117
"Tue, Aug 25, 2020",9:00p,Dallas Mavericks,111,Los Angeles Clippers,154
"Sat, Aug 29, 2020",3:30p,Orlando Magic,104,Milwaukee Bucks,118
"Sat, Aug 29, 2020",6:30p,Oklahoma City Thunder,80,Houston Rockets,114
"Sat, Aug 29, 2020",9:00p,Portland Trail Blazers,122,Los Angeles Lakers,131
"Sun, Aug 30, 2020",1:00p,Boston Celtics,112,Toronto Raptors,94
"Sun, Aug 30, 2020",3:30p,Los Angeles Clippers,111,Dallas Mavericks,97
"Sun, Aug 30, 2020",8:30p,Denver Nuggets,119,Utah Jazz,107
"Mon, Aug 31, 2020",6:30p,Miami Heat,115,Milwaukee Bucks,104
"Mon, Aug 31, 2020",9:00p,Houston Rockets,100,Oklahoma City Thunder,104
"Tue, Sep 1, 2020",5:30p,Boston Celtics,102,Toronto Raptors,99
"Tue, Sep 1, 2020",8:30p,Utah Jazz,78,Denver Nuggets,80
"Wed, Sep 2, 2020",6:30p,Miami Heat,116,Milwaukee Bucks,114
"Wed, Sep 2, 2020",9:00p,Oklahoma City Thunder,102,Houston Rockets,104
"Thu, Sep 3, 2020",6:30p,Toronto Raptors,104,Boston Celtics,103
"Thu, Sep 3, 2020",9:00p,Denver Nuggets,97,Los Angeles Clippers,120
"Fri, Sep 4, 2020",6:30p,Milwaukee Bucks,100,Miami Heat,115
"Fri, Sep 4, 2020",9:00p,Houston Rockets,112,Los Angeles Lakers,97
"Sat, Sep 5, 2020",6:30p,Toronto Raptors,100,Boston Celtics,93
"Sat, Sep 5, 2020",9:00p,Denver Nuggets,110,Los Angeles Clippers,101
"Sun, Sep 6, 2020",3:30p,Milwaukee Bucks,118,Miami Heat,115
"Sun, Sep 6, 2020",8:30p,Houston Rockets,109,Los Angeles Lakers,117
"Mon, Sep 7, 2020",6:30p,Boston Celtics,111,Toronto Raptors,89
"Mon, Sep 7, 2020",9:00p,Los Angeles Clippers,113,Denver Nuggets,107
"Tue, Sep 8, 2020",6:30p,Miami Heat,103,Milwaukee Bucks,94
"Tue, Sep 8, 2020",9:00p,Los Angeles Lakers,112,Houston Rockets,102
"Wed, Sep 9, 2020",6:30p,Toronto Raptors,125,Boston Celtics,122
"Wed, Sep 9, 2020",9:00p,Los Angeles Clippers,96,Denver Nuggets,85
"Thu, Sep 10, 2020",7:00p,Los Angeles Lakers,110,Houston Rockets,100
"Fri, Sep 11, 2020",6:30p,Denver Nuggets,111,Los Angeles Clippers,105
"Fri, Sep 11, 2020",9:00p,Boston Celtics,92,Toronto Raptors,87
"Sat, Sep 12, 2020",8:00p,Houston Rockets,96,Los Angeles Lakers,119
"Sun, Sep 13, 2020",1:00p,Los Angeles Clippers,98,Denver Nuggets,111
"Tue, Sep 15, 2020",6:30p,Miami Heat,117,Boston Celtics,114
"Tue, Sep 15, 2020",9:00p,Denver Nuggets,104,Los Angeles Clippers,89
"Thu, Sep 17, 2020",7:00p,Miami Heat,106,Boston Celtics,101
"Fri, Sep 18, 2020",9:00p,Denver Nuggets,114,Los Angeles Lakers,126
"Sat, Sep 19, 2020",8:30p,Boston Celtics,117,Miami Heat,106
"Sun, Sep 20, 2020",7:30p,Denver Nuggets,103,Los Angeles Lakers,105
"Tue, Sep 22, 2020",9:00p,Los Angeles Lakers,106,Denver Nuggets,114
"Wed, Sep 23, 2020",8:30p,Boston Celtics,109,Miami Heat,112
"Thu, Sep 24, 2020",9:00p,Los Angeles Lakers,114,Denver Nuggets,108
"Fri, Sep 25, 2020",8:30p,Miami Heat,108,Boston Celtics,121
"Sat, Sep 26, 2020",9:00p,Denver Nuggets,107,Los Angeles Lakers,117
"Sun, Sep 27, 2020",7:30p,Boston Celtics,113,Miami Heat,125
"Wed, Sep 30, 2020",9:00p,Miami Heat,98,Los Angeles Lakers,116
"Fri, Oct 2, 2020",9:00p,Miami Heat,114,Los Angeles Lakers,124
"Sun, Oct 4, 2020",7:30p,Los Angeles Lakers,104,Miami Heat,115
"Tue, Oct 6, 2020",9:00p,Los Angeles Lakers,102,Miami Heat,96
"Fri, Oct 9, 2020",9:00p,Miami Heat,111,Los Angeles Lakers,108
"Sun, Oct 11, 2020",7:30p,Los Angeles Lakers,106,Miami Heat,93
