Date,Start (ET),AwayTeam,AwayPoints,HomeTeam,HomePoints,Arena
"Tue, Oct 18, 2022",7:30p,Philadelphia 76ers,117.0,Boston Celtics,126.0,TD Garden
"Tue, Oct 18, 2022",10:00p,Los Angeles Lakers,109.0,Golden State Warriors,123.0,Chase Center
"Wed, Oct 19, 2022",7:00p,Orlando Magic,109.0,Detroit Pistons,113.0,Little Caesars Arena
"Wed, Oct 19, 2022",7:00p,Washington Wizards,114.0,Indiana Pacers,107.0,Gainbridge Fieldhouse
"Wed, Oct 19, 2022",7:30p,Houston Rockets,107.0,Atlanta Hawks,117.0,State Farm Arena
"Wed, Oct 19, 2022",7:30p,New Orleans Pelicans,130.0,Brooklyn Nets,108.0,Barclays Center
"Wed, Oct 19, 2022",7:30p,New York Knicks,112.0,Memphis Grizzlies,115.0,FedEx Forum
"Wed, Oct 19, 2022",7:30p,Chicago Bulls,116.0,Miami Heat,108.0,FTX Arena
"Wed, Oct 19, 2022",7:30p,Cleveland Cavaliers,105.0,Toronto Raptors,108.0,Scotiabank Arena
"Wed, Oct 19, 2022",8:00p,Oklahoma City Thunder,108.0,Minnesota Timberwolves,115.0,Target Center
"Wed, Oct 19, 2022",8:00p,Charlotte Hornets,129.0,San Antonio Spurs,102.0,AT&T Center
"Wed, Oct 19, 2022",9:00p,Denver Nuggets,102.0,Utah Jazz,123.0,Vivint Arena
"Wed, Oct 19, 2022",10:00p,Dallas Mavericks,105.0,Phoenix Suns,107.0,Footprint Center
"Wed, Oct 19, 2022",10:00p,Portland Trail Blazers,115.0,Sacramento Kings,108.0,Golden 1 Center
"Thu, Oct 20, 2022",7:30p,Milwaukee Bucks,90.0,Philadelphia 76ers,88.0,Wells Fargo Center
"Thu, Oct 20, 2022",10:00p,Los Angeles Clippers,103.0,Los Angeles Lakers,97.0,Crypto.com Arena
"Fri, Oct 21, 2022",7:00p,New Orleans Pelicans,124.0,Charlotte Hornets,112.0,Spectrum Center
"Fri, Oct 21, 2022",7:00p,San Antonio Spurs,137.0,Indiana Pacers,134.0,Gainbridge Fieldhouse
"Fri, Oct 21, 2022",7:00p,Chicago Bulls,100.0,Washington Wizards,102.0,Capital One Arena
"Fri, Oct 21, 2022",7:30p,Orlando Magic,98.0,Atlanta Hawks,108.0,State Farm Arena
"Fri, Oct 21, 2022",7:30p,Toronto Raptors,105.0,Brooklyn Nets,109.0,Barclays Center
"Fri, Oct 21, 2022",7:30p,Boston Celtics,111.0,Miami Heat,104.0,FTX Arena
"Fri, Oct 21, 2022",7:30p,Detroit Pistons,106.0,New York Knicks,130.0,Madison Square Garden (IV)
"Fri, Oct 21, 2022",8:00p,Memphis Grizzlies,129.0,Houston Rockets,122.0,Toyota Center
"Fri, Oct 21, 2022",8:00p,Utah Jazz,132.0,Minnesota Timberwolves,126.0,Target Center
"Fri, Oct 21, 2022",10:00p,Denver Nuggets,128.0,Golden State Warriors,123.0,Chase Center
"Fri, Oct 21, 2022",10:00p,Phoenix Suns,111.0,Portland Trail Blazers,113.0,Moda Center
"Sat, Oct 22, 2022",6:00p,San Antonio Spurs,114.0,Philadelphia 76ers,105.0,Wells Fargo Center
"Sat, Oct 22, 2022",7:00p,Detroit Pistons,115.0,Indiana Pacers,124.0,Gainbridge Fieldhouse
"Sat, Oct 22, 2022",7:00p,Boston Celtics,126.0,Orlando Magic,120.0,Amway Center
"Sat, Oct 22, 2022",8:00p,Cleveland Cavaliers,128.0,Chicago Bulls,96.0,United Center
"Sat, Oct 22, 2022",8:00p,Toronto Raptors,109.0,Miami Heat,112.0,FTX Arena
"Sat, Oct 22, 2022",8:00p,Houston Rockets,105.0,Milwaukee Bucks,125.0,Fiserv Forum
"Sat, Oct 22, 2022",8:30p,Memphis Grizzlies,96.0,Dallas Mavericks,137.0,American Airlines Center
"Sat, Oct 22, 2022",9:00p,Oklahoma City Thunder,117.0,Denver Nuggets,122.0,Ball Arena
"Sat, Oct 22, 2022",10:00p,Los Angeles Clippers,111.0,Sacramento Kings,109.0,Golden 1 Center
"Sun, Oct 23, 2022",3:30p,Portland Trail Blazers,106.0,Los Angeles Lakers,104.0,Crypto.com Arena
"Sun, Oct 23, 2022",5:00p,Charlotte Hornets,126.0,Atlanta Hawks,109.0,State Farm Arena
"Sun, Oct 23, 2022",7:00p,Washington Wizards,107.0,Cleveland Cavaliers,117.0,Rocket Mortgage Fieldhouse
"Sun, Oct 23, 2022",7:00p,Utah Jazz,122.0,New Orleans Pelicans,121.0,Smoothie King Center
"Sun, Oct 23, 2022",8:00p,Minnesota Timberwolves,116.0,Oklahoma City Thunder,106.0,Paycom Center
"Sun, Oct 23, 2022",8:30p,Sacramento Kings,125.0,Golden State Warriors,130.0,Chase Center
"Sun, Oct 23, 2022",10:00p,Phoenix Suns,112.0,Los Angeles Clippers,95.0,Crypto.com Arena
"Mon, Oct 24, 2022",7:00p,Indiana Pacers,106.0,Philadelphia 76ers,120.0,Wells Fargo Center
"Mon, Oct 24, 2022",7:30p,Toronto Raptors,98.0,Miami Heat,90.0,FTX Arena
"Mon, Oct 24, 2022",7:30p,Orlando Magic,102.0,New York Knicks,115.0,Madison Square Garden (IV)
"Mon, Oct 24, 2022",8:00p,Boston Celtics,102.0,Chicago Bulls,120.0,United Center
"Mon, Oct 24, 2022",8:00p,Utah Jazz,108.0,Houston Rockets,114.0,Toyota Center
"Mon, Oct 24, 2022",8:00p,Brooklyn Nets,124.0,Memphis Grizzlies,134.0,FedEx Forum
"Mon, Oct 24, 2022",8:00p,San Antonio Spurs,115.0,Minnesota Timberwolves,106.0,Target Center
"Mon, Oct 24, 2022",10:00p,Denver Nuggets,110.0,Portland Trail Blazers,135.0,Moda Center
"Tue, Oct 25, 2022",7:00p,Detroit Pistons,99.0,Washington Wizards,120.0,Capital One Arena
"Tue, Oct 25, 2022",7:30p,Dallas Mavericks,111.0,New Orleans Pelicans,113.0,Smoothie King Center
"Tue, Oct 25, 2022",8:00p,Los Angeles Clippers,94.0,Oklahoma City Thunder,108.0,Paycom Center
"Tue, Oct 25, 2022",10:00p,Golden State Warriors,105.0,Phoenix Suns,134.0,Footprint Center
"Wed, Oct 26, 2022",7:00p,Orlando Magic,92.0,Cleveland Cavaliers,103.0,Rocket Mortgage Fieldhouse
"Wed, Oct 26, 2022",7:00p,Atlanta Hawks,118.0,Detroit Pistons,113.0,Little Caesars Arena
"Wed, Oct 26, 2022",7:30p,Brooklyn Nets,99.0,Milwaukee Bucks,110.0,Fiserv Forum
"Wed, Oct 26, 2022",7:30p,Charlotte Hornets,131.0,New York Knicks,134.0,Madison Square Garden (IV)
"Wed, Oct 26, 2022",7:30p,Philadelphia 76ers,109.0,Toronto Raptors,119.0,Scotiabank Arena
"Wed, Oct 26, 2022",8:00p,Indiana Pacers,109.0,Chicago Bulls,124.0,United Center
"Wed, Oct 26, 2022",8:00p,San Antonio Spurs,122.0,Minnesota Timberwolves,134.0,Target Center
"Wed, Oct 26, 2022",9:00p,Houston Rockets,101.0,Utah Jazz,109.0,Vivint Arena
"Wed, Oct 26, 2022",10:00p,Los Angeles Lakers,99.0,Denver Nuggets,110.0,Ball Arena
"Wed, Oct 26, 2022",10:00p,Miami Heat,119.0,Portland Trail Blazers,98.0,Moda Center
"Thu, Oct 27, 2022",7:30p,Dallas Mavericks,129.0,Brooklyn Nets,125.0,Barclays Center
"Thu, Oct 27, 2022",8:00p,Los Angeles Clippers,110.0,Oklahoma City Thunder,118.0,Paycom Center
"Thu, Oct 27, 2022",10:00p,Miami Heat,110.0,Golden State Warriors,123.0,Chase Center
"Thu, Oct 27, 2022",10:00p,Memphis Grizzlies,125.0,Sacramento Kings,110.0,Golden 1 Center
"Fri, Oct 28, 2022",7:00p,Atlanta Hawks,136.0,Detroit Pistons,112.0,Little Caesars Arena
"Fri, Oct 28, 2022",7:00p,Charlotte Hornets,93.0,Orlando Magic,113.0,Amway Center
"Fri, Oct 28, 2022",7:30p,Cleveland Cavaliers,132.0,Boston Celtics,123.0,TD Garden
"Fri, Oct 28, 2022",7:30p,Philadelphia 76ers,112.0,Toronto Raptors,90.0,Scotiabank Arena
"Fri, Oct 28, 2022",7:30p,Indiana Pacers,127.0,Washington Wizards,117.0,Capital One Arena
"Fri, Oct 28, 2022",8:00p,New York Knicks,108.0,Milwaukee Bucks,119.0,Fiserv Forum
"Fri, Oct 28, 2022",8:00p,Los Angeles Lakers,102.0,Minnesota Timberwolves,111.0,Target Center
"Fri, Oct 28, 2022",8:30p,Chicago Bulls,124.0,San Antonio Spurs,129.0,AT&T Center
"Fri, Oct 28, 2022",9:00p,Utah Jazz,101.0,Denver Nuggets,117.0,Ball Arena
"Fri, Oct 28, 2022",10:00p,New Orleans Pelicans,111.0,Phoenix Suns,124.0,Footprint Center
"Fri, Oct 28, 2022",10:00p,Houston Rockets,111.0,Portland Trail Blazers,125.0,Moda Center
"Sat, Oct 29, 2022",6:00p,Miami Heat,113.0,Sacramento Kings,119.0,Golden 1 Center
"Sat, Oct 29, 2022",7:00p,Golden State Warriors,113.0,Charlotte Hornets,120.0,Spectrum Center
"Sat, Oct 29, 2022",7:30p,Indiana Pacers,125.0,Brooklyn Nets,116.0,Barclays Center
"Sat, Oct 29, 2022",8:00p,Philadelphia 76ers,114.0,Chicago Bulls,109.0,United Center
"Sat, Oct 29, 2022",8:00p,Atlanta Hawks,115.0,Milwaukee Bucks,123.0,Fiserv Forum
"Sat, Oct 29, 2022",9:00p,Oklahoma City Thunder,117.0,Dallas Mavericks,111.0,American Airlines Center
"Sat, Oct 29, 2022",9:00p,Memphis Grizzlies,123.0,Utah Jazz,124.0,Vivint Arena
"Sun, Oct 30, 2022",3:00p,New Orleans Pelicans,112.0,Los Angeles Clippers,91.0,Crypto.com Arena
"Sun, Oct 30, 2022",6:00p,Washington Wizards,94.0,Boston Celtics,112.0,TD Garden
"Sun, Oct 30, 2022",6:00p,New York Knicks,108.0,Cleveland Cavaliers,121.0,Rocket Mortgage Fieldhouse
"Sun, Oct 30, 2022",6:00p,Golden State Warriors,114.0,Detroit Pistons,128.0,Little Caesars Arena
"Sun, Oct 30, 2022",7:00p,Minnesota Timberwolves,98.0,San Antonio Spurs,107.0,AT&T Center
"Sun, Oct 30, 2022",7:30p,Orlando Magic,105.0,Dallas Mavericks,114.0,American Airlines Center
"Sun, Oct 30, 2022",9:00p,Houston Rockets,109.0,Phoenix Suns,124.0,Footprint Center
"Sun, Oct 30, 2022",9:30p,Denver Nuggets,110.0,Los Angeles Lakers,121.0,Crypto.com Arena
"Mon, Oct 31, 2022",7:00p,Sacramento Kings,115.0,Charlotte Hornets,108.0,Spectrum Center
"Mon, Oct 31, 2022",7:00p,Philadelphia 76ers,118.0,Washington Wizards,111.0,Capital One Arena
"Mon, Oct 31, 2022",7:30p,Indiana Pacers,109.0,Brooklyn Nets,116.0,Barclays Center
"Mon, Oct 31, 2022",7:30p,Atlanta Hawks,109.0,Toronto Raptors,139.0,Scotiabank Arena
"Mon, Oct 31, 2022",8:00p,Detroit Pistons,108.0,Milwaukee Bucks,110.0,Fiserv Forum
"Mon, Oct 31, 2022",9:00p,Memphis Grizzlies,105.0,Utah Jazz,121.0,Vivint Arena
"Mon, Oct 31, 2022",10:30p,Houston Rockets,93.0,Los Angeles Clippers,95.0,Crypto.com Arena
"Tue, Nov 1, 2022",7:30p,Chicago Bulls,108.0,Brooklyn Nets,99.0,Barclays Center
"Tue, Nov 1, 2022",7:30p,Golden State Warriors,109.0,Miami Heat,116.0,FTX Arena
"Tue, Nov 1, 2022",8:00p,Orlando Magic,108.0,Oklahoma City Thunder,116.0,Paycom Center
"Tue, Nov 1, 2022",10:00p,Minnesota Timberwolves,107.0,Phoenix Suns,116.0,Footprint Center
"Wed, Nov 2, 2022",6:00p,Washington Wizards,121.0,Philadelphia 76ers,111.0,Wells Fargo Center
"Wed, Nov 2, 2022",7:30p,Boston Celtics,113.0,Cleveland Cavaliers,114.0,Rocket Mortgage Fieldhouse
"Wed, Nov 2, 2022",7:30p,Sacramento Kings,107.0,Miami Heat,110.0,FTX Arena
"Wed, Nov 2, 2022",7:30p,Atlanta Hawks,112.0,New York Knicks,99.0,Madison Square Garden (IV)
"Wed, Nov 2, 2022",8:00p,Charlotte Hornets,88.0,Chicago Bulls,106.0,United Center
"Wed, Nov 2, 2022",8:00p,Los Angeles Clippers,109.0,Houston Rockets,101.0,Toyota Center
"Wed, Nov 2, 2022",8:00p,Detroit Pistons,91.0,Milwaukee Bucks,116.0,Fiserv Forum
"Wed, Nov 2, 2022",8:00p,Toronto Raptors,143.0,San Antonio Spurs,100.0,AT&T Center
"Wed, Nov 2, 2022",8:30p,Utah Jazz,100.0,Dallas Mavericks,103.0,American Airlines Center
"Wed, Nov 2, 2022",10:00p,Memphis Grizzlies,111.0,Portland Trail Blazers,106.0,Moda Center
"Wed, Nov 2, 2022",10:30p,New Orleans Pelicans,117.0,Los Angeles Lakers,120.0,Crypto.com Arena
"Thu, Nov 3, 2022",7:00p,Golden State Warriors,129.0,Orlando Magic,130.0,Amway Center
"Thu, Nov 3, 2022",8:00p,Denver Nuggets,122.0,Oklahoma City Thunder,110.0,Paycom Center
"Fri, Nov 4, 2022",7:00p,Cleveland Cavaliers,112.0,Detroit Pistons,88.0,Little Caesars Arena
"Fri, Nov 4, 2022",7:00p,Miami Heat,99.0,Indiana Pacers,101.0,Gainbridge Fieldhouse
"Fri, Nov 4, 2022",7:00p,New York Knicks,106.0,Philadelphia 76ers,104.0,Wells Fargo Center
"Fri, Nov 4, 2022",7:00p,Brooklyn Nets,128.0,Washington Wizards,86.0,Capital One Arena
"Fri, Nov 4, 2022",7:30p,Chicago Bulls,119.0,Boston Celtics,123.0,TD Garden
"Fri, Nov 4, 2022",8:00p,Charlotte Hornets,99.0,Memphis Grizzlies,130.0,FedEx Forum
"Fri, Nov 4, 2022",8:00p,Los Angeles Clippers,113.0,San Antonio Spurs,106.0,AT&T Center
"Fri, Nov 4, 2022",8:30p,Toronto Raptors,110.0,Dallas Mavericks,111.0,American Airlines Center
"Fri, Nov 4, 2022",8:30p,Golden State Warriors,105.0,New Orleans Pelicans,114.0,Smoothie King Center
"Fri, Nov 4, 2022",10:00p,Milwaukee Bucks,115.0,Minnesota Timberwolves,102.0,Target Center
"Fri, Nov 4, 2022",10:00p,Portland Trail Blazers,108.0,Phoenix Suns,106.0,Footprint Center
"Fri, Nov 4, 2022",10:30p,Utah Jazz,130.0,Los Angeles Lakers,116.0,Crypto.com Arena
"Sat, Nov 5, 2022",5:00p,Sacramento Kings,126.0,Orlando Magic,123.0,Amway Center
"Sat, Nov 5, 2022",7:00p,Brooklyn Nets,98.0,Charlotte Hornets,94.0,Spectrum Center
"Sat, Nov 5, 2022",7:30p,New Orleans Pelicans,121.0,Atlanta Hawks,124.0,State Farm Arena
"Sat, Nov 5, 2022",7:30p,Boston Celtics,133.0,New York Knicks,118.0,Madison Square Garden (IV)
"Sat, Nov 5, 2022",8:00p,Oklahoma City Thunder,94.0,Milwaukee Bucks,108.0,Fiserv Forum
"Sat, Nov 5, 2022",8:00p,Houston Rockets,117.0,Minnesota Timberwolves,129.0,Target Center
"Sat, Nov 5, 2022",9:00p,San Antonio Spurs,101.0,Denver Nuggets,126.0,Ball Arena
"Sat, Nov 5, 2022",10:00p,Portland Trail Blazers,82.0,Phoenix Suns,102.0,Footprint Center
"Sun, Nov 6, 2022",3:30p,Cleveland Cavaliers,114.0,Los Angeles Lakers,100.0,Crypto.com Arena
"Sun, Nov 6, 2022",6:00p,Washington Wizards,97.0,Memphis Grizzlies,103.0,FedEx Forum
"Sun, Nov 6, 2022",6:00p,Chicago Bulls,104.0,Toronto Raptors,113.0,Scotiabank Arena
"Sun, Nov 6, 2022",10:00p,Utah Jazz,110.0,Los Angeles Clippers,102.0,Crypto.com Arena
"Mon, Nov 7, 2022",7:00p,Washington Wizards,108.0,Charlotte Hornets,100.0,Spectrum Center
"Mon, Nov 7, 2022",7:15p,Houston Rockets,134.0,Orlando Magic,127.0,Amway Center
"Mon, Nov 7, 2022",7:30p,Oklahoma City Thunder,103.0,Detroit Pistons,112.0,Little Caesars Arena
"Mon, Nov 7, 2022",7:45p,New Orleans Pelicans,122.0,Indiana Pacers,129.0,Gainbridge Fieldhouse
"Mon, Nov 7, 2022",8:00p,Phoenix Suns,88.0,Philadelphia 76ers,100.0,Wells Fargo Center
"Mon, Nov 7, 2022",8:15p,Milwaukee Bucks,98.0,Atlanta Hawks,117.0,State Farm Arena
"Mon, Nov 7, 2022",8:30p,Portland Trail Blazers,110.0,Miami Heat,107.0,FTX Arena
"Mon, Nov 7, 2022",8:45p,Toronto Raptors,97.0,Chicago Bulls,111.0,United Center
"Mon, Nov 7, 2022",9:00p,Boston Celtics,109.0,Memphis Grizzlies,106.0,FedEx Forum
"Mon, Nov 7, 2022",9:15p,New York Knicks,120.0,Minnesota Timberwolves,107.0,Target Center
"Mon, Nov 7, 2022",9:30p,Denver Nuggets,115.0,San Antonio Spurs,109.0,AT&T Center
"Mon, Nov 7, 2022",9:45p,Brooklyn Nets,94.0,Dallas Mavericks,96.0,American Airlines Center
"Mon, Nov 7, 2022",10:00p,Sacramento Kings,113.0,Golden State Warriors,116.0,Chase Center
"Mon, Nov 7, 2022",10:15p,Los Angeles Lakers,116.0,Utah Jazz,139.0,Vivint Arena
"Mon, Nov 7, 2022",10:30p,Cleveland Cavaliers,117.0,Los Angeles Clippers,119.0,Crypto.com Arena
"Wed, Nov 9, 2022",5:30p,Dallas Mavericks,87.0,Orlando Magic,94.0,Amway Center
"Wed, Nov 9, 2022",7:00p,Portland Trail Blazers,105.0,Charlotte Hornets,95.0,Spectrum Center
"Wed, Nov 9, 2022",7:00p,Denver Nuggets,122.0,Indiana Pacers,119.0,Gainbridge Fieldhouse
"Wed, Nov 9, 2022",7:30p,Utah Jazz,125.0,Atlanta Hawks,119.0,State Farm Arena
"Wed, Nov 9, 2022",7:30p,Detroit Pistons,112.0,Boston Celtics,128.0,TD Garden
"Wed, Nov 9, 2022",7:30p,New York Knicks,85.0,Brooklyn Nets,112.0,Barclays Center
"Wed, Nov 9, 2022",7:30p,Houston Rockets,109.0,Toronto Raptors,116.0,Scotiabank Arena
"Wed, Nov 9, 2022",8:00p,New Orleans Pelicans,115.0,Chicago Bulls,111.0,United Center
"Wed, Nov 9, 2022",8:00p,Phoenix Suns,129.0,Minnesota Timberwolves,117.0,Target Center
"Wed, Nov 9, 2022",8:00p,Milwaukee Bucks,136.0,Oklahoma City Thunder,132.0,Paycom Center
"Wed, Nov 9, 2022",8:00p,Memphis Grizzlies,124.0,San Antonio Spurs,122.0,AT&T Center
"Wed, Nov 9, 2022",10:00p,Los Angeles Lakers,101.0,Los Angeles Clippers,114.0,Crypto.com Arena
"Wed, Nov 9, 2022",10:00p,Cleveland Cavaliers,120.0,Sacramento Kings,127.0,Golden 1 Center
"Thu, Nov 10, 2022",7:00p,Dallas Mavericks,105.0,Washington Wizards,113.0,Capital One Arena
"Thu, Nov 10, 2022",7:30p,Philadelphia 76ers,95.0,Atlanta Hawks,104.0,State Farm Arena
"Thu, Nov 10, 2022",7:30p,Charlotte Hornets,112.0,Miami Heat,117.0,FTX Arena
"Thu, Nov 10, 2022",8:00p,Portland Trail Blazers,106.0,New Orleans Pelicans,95.0,Smoothie King Center
"Fri, Nov 11, 2022",7:00p,Denver Nuggets,112.0,Boston Celtics,131.0,TD Garden
"Fri, Nov 11, 2022",7:00p,Phoenix Suns,97.0,Orlando Magic,114.0,Amway Center
"Fri, Nov 11, 2022",7:30p,Detroit Pistons,112.0,New York Knicks,121.0,Madison Square Garden (IV)
"Fri, Nov 11, 2022",8:00p,Toronto Raptors,113.0,Oklahoma City Thunder,132.0,Paycom Center
"Fri, Nov 11, 2022",8:00p,Milwaukee Bucks,93.0,San Antonio Spurs,111.0,AT&T Center
"Fri, Nov 11, 2022",9:30p,Minnesota Timberwolves,103.0,Memphis Grizzlies,114.0,FedEx Forum
"Fri, Nov 11, 2022",10:00p,Cleveland Cavaliers,101.0,Golden State Warriors,106.0,Chase Center
"Fri, Nov 11, 2022",10:30p,Sacramento Kings,120.0,Los Angeles Lakers,114.0,Crypto.com Arena
"Sat, Nov 12, 2022",4:00p,Brooklyn Nets,110.0,Los Angeles Clippers,95.0,Crypto.com Arena
"Sat, Nov 12, 2022",6:00p,Utah Jazz,112.0,Washington Wizards,121.0,Capital One Arena
"Sat, Nov 12, 2022",7:00p,Boston Celtics,117.0,Detroit Pistons,108.0,Little Caesars Arena
"Sat, Nov 12, 2022",7:00p,Toronto Raptors,104.0,Indiana Pacers,118.0,Gainbridge Fieldhouse
"Sat, Nov 12, 2022",7:30p,Atlanta Hawks,109.0,Philadelphia 76ers,121.0,Wells Fargo Center
"Sat, Nov 12, 2022",8:00p,Charlotte Hornets,115.0,Miami Heat,132.0,FTX Arena
"Sat, Nov 12, 2022",8:30p,Portland Trail Blazers,112.0,Dallas Mavericks,117.0,American Airlines Center
"Sat, Nov 12, 2022",8:30p,Houston Rockets,106.0,New Orleans Pelicans,119.0,Smoothie King Center
"Sun, Nov 13, 2022",12:00p,Oklahoma City Thunder,145.0,New York Knicks,135.0,Madison Square Garden (IV)
"Sun, Nov 13, 2022",6:00p,Minnesota Timberwolves,129.0,Cleveland Cavaliers,124.0,Rocket Mortgage Fieldhouse
"Sun, Nov 13, 2022",6:00p,Memphis Grizzlies,92.0,Washington Wizards,102.0,Capital One Arena
"Sun, Nov 13, 2022",7:30p,Utah Jazz,98.0,Philadelphia 76ers,105.0,Wells Fargo Center
"Sun, Nov 13, 2022",8:00p,Denver Nuggets,126.0,Chicago Bulls,103.0,United Center
"Sun, Nov 13, 2022",9:00p,Golden State Warriors,115.0,Sacramento Kings,122.0,Golden 1 Center
"Sun, Nov 13, 2022",9:30p,Brooklyn Nets,103.0,Los Angeles Lakers,116.0,Crypto.com Arena
"Mon, Nov 14, 2022",7:00p,Toronto Raptors,115.0,Detroit Pistons,111.0,Little Caesars Arena
"Mon, Nov 14, 2022",7:00p,Charlotte Hornets,112.0,Orlando Magic,105.0,Amway Center
"Mon, Nov 14, 2022",7:30p,Oklahoma City Thunder,122.0,Boston Celtics,126.0,TD Garden
"Mon, Nov 14, 2022",7:30p,Phoenix Suns,112.0,Miami Heat,113.0,FTX Arena
"Mon, Nov 14, 2022",8:00p,Los Angeles Clippers,122.0,Houston Rockets,106.0,Toyota Center
"Mon, Nov 14, 2022",8:00p,Atlanta Hawks,121.0,Milwaukee Bucks,106.0,Fiserv Forum
"Mon, Nov 14, 2022",10:00p,San Antonio Spurs,95.0,Golden State Warriors,132.0,Chase Center
"Tue, Nov 15, 2022",7:30p,Memphis Grizzlies,102.0,New Orleans Pelicans,113.0,Smoothie King Center
"Tue, Nov 15, 2022",8:30p,Los Angeles Clippers,101.0,Dallas Mavericks,103.0,American Airlines Center
"Tue, Nov 15, 2022",9:00p,New York Knicks,118.0,Utah Jazz,111.0,Vivint Arena
"Tue, Nov 15, 2022",10:00p,San Antonio Spurs,110.0,Portland Trail Blazers,117.0,Moda Center
"Tue, Nov 15, 2022",10:00p,Brooklyn Nets,121.0,Sacramento Kings,153.0,Golden 1 Center
"Wed, Nov 16, 2022",7:00p,Indiana Pacers,125.0,Charlotte Hornets,113.0,Spectrum Center
"Wed, Nov 16, 2022",7:00p,Minnesota Timberwolves,126.0,Orlando Magic,108.0,Amway Center
"Wed, Nov 16, 2022",7:00p,Oklahoma City Thunder,121.0,Washington Wizards,120.0,Capital One Arena
"Wed, Nov 16, 2022",7:30p,Boston Celtics,126.0,Atlanta Hawks,101.0,State Farm Arena
"Wed, Nov 16, 2022",7:30p,Miami Heat,104.0,Toronto Raptors,112.0,Scotiabank Arena
"Wed, Nov 16, 2022",8:00p,Cleveland Cavaliers,98.0,Milwaukee Bucks,113.0,Fiserv Forum
"Wed, Nov 16, 2022",8:00p,Chicago Bulls,110.0,New Orleans Pelicans,124.0,Smoothie King Center
"Wed, Nov 16, 2022",8:30p,Houston Rockets,101.0,Dallas Mavericks,92.0,American Airlines Center
"Wed, Nov 16, 2022",10:00p,New York Knicks,106.0,Denver Nuggets,103.0,Ball Arena
"Wed, Nov 16, 2022",10:00p,Golden State Warriors,119.0,Phoenix Suns,130.0,Footprint Center
"Thu, Nov 17, 2022",10:00p,Brooklyn Nets,109.0,Portland Trail Blazers,107.0,Moda Center
"Thu, Nov 17, 2022",10:00p,San Antonio Spurs,112.0,Sacramento Kings,130.0,Golden 1 Center
"Thu, Nov 17, 2022",10:30p,Detroit Pistons,91.0,Los Angeles Clippers,96.0,Crypto.com Arena
"Fri, Nov 18, 2022",7:00p,Miami Heat,106.0,Washington Wizards,107.0,Capital One Arena
"Fri, Nov 18, 2022",7:30p,Charlotte Hornets,122.0,Cleveland Cavaliers,132.0,Rocket Mortgage Fieldhouse
"Fri, Nov 18, 2022",7:30p,Milwaukee Bucks,102.0,Philadelphia 76ers,110.0,Wells Fargo Center
"Fri, Nov 18, 2022",8:00p,Orlando Magic,108.0,Chicago Bulls,107.0,United Center
"Fri, Nov 18, 2022",8:00p,Indiana Pacers,99.0,Houston Rockets,91.0,Toyota Center
"Fri, Nov 18, 2022",8:00p,Oklahoma City Thunder,110.0,Memphis Grizzlies,121.0,FedEx Forum
"Fri, Nov 18, 2022",8:30p,Denver Nuggets,99.0,Dallas Mavericks,127.0,American Airlines Center
"Fri, Nov 18, 2022",8:30p,Boston Celtics,117.0,New Orleans Pelicans,109.0,Smoothie King Center
"Fri, Nov 18, 2022",9:00p,Phoenix Suns,133.0,Utah Jazz,134.0,Vivint Arena
"Fri, Nov 18, 2022",10:00p,New York Knicks,101.0,Golden State Warriors,111.0,Chase Center
"Fri, Nov 18, 2022",10:30p,Detroit Pistons,121.0,Los Angeles Lakers,128.0,Crypto.com Arena
"Sat, Nov 19, 2022",6:00p,Toronto Raptors,122.0,Atlanta Hawks,124.0,State Farm Arena
"Sat, Nov 19, 2022",7:00p,Orlando Magic,113.0,Indiana Pacers,114.0,Gainbridge Fieldhouse
"Sat, Nov 19, 2022",7:30p,Minnesota Timberwolves,112.0,Philadelphia 76ers,109.0,Wells Fargo Center
"Sat, Nov 19, 2022",10:00p,Utah Jazz,118.0,Portland Trail Blazers,113.0,Moda Center
"Sat, Nov 19, 2022",10:30p,San Antonio Spurs,97.0,Los Angeles Clippers,119.0,Crypto.com Arena
"Sun, Nov 20, 2022",3:30p,New York Knicks,95.0,Phoenix Suns,116.0,Footprint Center
"Sun, Nov 20, 2022",6:00p,Detroit Pistons,129.0,Sacramento Kings,137.0,Golden 1 Center
"Sun, Nov 20, 2022",6:00p,Charlotte Hornets,102.0,Washington Wizards,106.0,Capital One Arena
"Sun, Nov 20, 2022",7:00p,Memphis Grizzlies,115.0,Brooklyn Nets,127.0,Barclays Center
"Sun, Nov 20, 2022",7:00p,Miami Heat,87.0,Cleveland Cavaliers,113.0,Rocket Mortgage Fieldhouse
"Sun, Nov 20, 2022",7:00p,Golden State Warriors,127.0,Houston Rockets,120.0,Toyota Center
"Sun, Nov 20, 2022",7:30p,Denver Nuggets,98.0,Dallas Mavericks,97.0,American Airlines Center
"Sun, Nov 20, 2022",9:30p,San Antonio Spurs,92.0,Los Angeles Lakers,123.0,Crypto.com Arena
"Mon, Nov 21, 2022",7:00p,Atlanta Hawks,102.0,Cleveland Cavaliers,114.0,Rocket Mortgage Fieldhouse
"Mon, Nov 21, 2022",7:00p,Orlando Magic,102.0,Indiana Pacers,123.0,Gainbridge Fieldhouse
"Mon, Nov 21, 2022",8:00p,Boston Celtics,107.0,Chicago Bulls,121.0,United Center
"Mon, Nov 21, 2022",8:00p,Portland Trail Blazers,111.0,Milwaukee Bucks,119.0,Fiserv Forum
"Mon, Nov 21, 2022",8:00p,Miami Heat,101.0,Minnesota Timberwolves,105.0,Target Center
"Mon, Nov 21, 2022",8:00p,Golden State Warriors,83.0,New Orleans Pelicans,128.0,Smoothie King Center
"Mon, Nov 21, 2022",8:00p,New York Knicks,129.0,Oklahoma City Thunder,119.0,Paycom Center
"Mon, Nov 21, 2022",10:30p,Utah Jazz,114.0,Los Angeles Clippers,121.0,Crypto.com Arena
"Tue, Nov 22, 2022",7:30p,Brooklyn Nets,106.0,Philadelphia 76ers,115.0,Wells Fargo Center
"Tue, Nov 22, 2022",8:00p,Sacramento Kings,113.0,Memphis Grizzlies,109.0,FedEx Forum
"Tue, Nov 22, 2022",9:00p,Detroit Pistons,110.0,Denver Nuggets,108.0,Ball Arena
"Tue, Nov 22, 2022",10:00p,Los Angeles Lakers,105.0,Phoenix Suns,115.0,Footprint Center
"Wed, Nov 23, 2022",7:00p,Philadelphia 76ers,101.0,Charlotte Hornets,107.0,Spectrum Center
"Wed, Nov 23, 2022",7:00p,Portland Trail Blazers,96.0,Cleveland Cavaliers,114.0,Rocket Mortgage Fieldhouse
"Wed, Nov 23, 2022",7:00p,Minnesota Timberwolves,115.0,Indiana Pacers,101.0,Gainbridge Fieldhouse
"Wed, Nov 23, 2022",7:30p,Sacramento Kings,106.0,Atlanta Hawks,115.0,State Farm Arena
"Wed, Nov 23, 2022",7:30p,Dallas Mavericks,112.0,Boston Celtics,125.0,TD Garden
"Wed, Nov 23, 2022",7:30p,Washington Wizards,105.0,Miami Heat,113.0,FTX Arena
"Wed, Nov 23, 2022",7:30p,Brooklyn Nets,112.0,Toronto Raptors,98.0,Scotiabank Arena
"Wed, Nov 23, 2022",8:00p,Chicago Bulls,118.0,Milwaukee Bucks,113.0,Fiserv Forum
"Wed, Nov 23, 2022",8:00p,Denver Nuggets,131.0,Oklahoma City Thunder,126.0,Paycom Center
"Wed, Nov 23, 2022",8:00p,New Orleans Pelicans,129.0,San Antonio Spurs,110.0,AT&T Center
"Wed, Nov 23, 2022",9:00p,Detroit Pistons,125.0,Utah Jazz,116.0,Vivint Arena
"Wed, Nov 23, 2022",10:00p,Los Angeles Clippers,107.0,Golden State Warriors,124.0,Chase Center
"Fri, Nov 25, 2022",5:00p,Minnesota Timberwolves,108.0,Charlotte Hornets,110.0,Spectrum Center
"Fri, Nov 25, 2022",7:00p,Philadelphia 76ers,107.0,Orlando Magic,99.0,Amway Center
"Fri, Nov 25, 2022",7:30p,Portland Trail Blazers,132.0,New York Knicks,129.0,Madison Square Garden (IV)
"Fri, Nov 25, 2022",8:00p,Sacramento Kings,104.0,Boston Celtics,122.0,TD Garden
"Fri, Nov 25, 2022",8:00p,Atlanta Hawks,122.0,Houston Rockets,128.0,Toyota Center
"Fri, Nov 25, 2022",8:00p,Brooklyn Nets,117.0,Indiana Pacers,128.0,Gainbridge Fieldhouse
"Fri, Nov 25, 2022",8:00p,New Orleans Pelicans,111.0,Memphis Grizzlies,132.0,FedEx Forum
"Fri, Nov 25, 2022",8:00p,Washington Wizards,107.0,Miami Heat,110.0,FTX Arena
"Fri, Nov 25, 2022",8:00p,Cleveland Cavaliers,102.0,Milwaukee Bucks,117.0,Fiserv Forum
"Fri, Nov 25, 2022",8:00p,Chicago Bulls,119.0,Oklahoma City Thunder,123.0,Paycom Center
"Fri, Nov 25, 2022",8:00p,Los Angeles Lakers,105.0,San Antonio Spurs,94.0,AT&T Center
"Fri, Nov 25, 2022",9:00p,Detroit Pistons,102.0,Phoenix Suns,108.0,Footprint Center
"Fri, Nov 25, 2022",10:00p,Utah Jazz,118.0,Golden State Warriors,129.0,Chase Center
"Fri, Nov 25, 2022",10:30p,Denver Nuggets,114.0,Los Angeles Clippers,104.0,Crypto.com Arena
"Sat, Nov 26, 2022",5:00p,Dallas Mavericks,100.0,Toronto Raptors,105.0,Scotiabank Arena
"Sat, Nov 26, 2022",8:00p,Oklahoma City Thunder,105.0,Houston Rockets,118.0,Toyota Center
"Sat, Nov 26, 2022",8:00p,Los Angeles Lakers,143.0,San Antonio Spurs,138.0,AT&T Center
"Sat, Nov 26, 2022",9:00p,Utah Jazz,112.0,Phoenix Suns,113.0,Footprint Center
"Sun, Nov 27, 2022",3:00p,Portland Trail Blazers,97.0,Brooklyn Nets,111.0,Barclays Center
"Sun, Nov 27, 2022",3:30p,Golden State Warriors,137.0,Minnesota Timberwolves,114.0,Target Center
"Sun, Nov 27, 2022",4:00p,Indiana Pacers,100.0,Los Angeles Clippers,114.0,Crypto.com Arena
"Sun, Nov 27, 2022",5:00p,Miami Heat,106.0,Atlanta Hawks,98.0,State Farm Arena
"Sun, Nov 27, 2022",6:00p,Washington Wizards,121.0,Boston Celtics,130.0,TD Garden
"Sun, Nov 27, 2022",6:00p,Cleveland Cavaliers,102.0,Detroit Pistons,94.0,Little Caesars Arena
"Sun, Nov 27, 2022",6:00p,Memphis Grizzlies,127.0,New York Knicks,123.0,Madison Square Garden (IV)
"Sun, Nov 27, 2022",6:00p,Philadelphia 76ers,133.0,Orlando Magic,103.0,Amway Center
"Sun, Nov 27, 2022",8:00p,Dallas Mavericks,115.0,Milwaukee Bucks,124.0,Fiserv Forum
"Mon, Nov 28, 2022",7:00p,Atlanta Hawks,101.0,Philadelphia 76ers,104.0,Wells Fargo Center
"Mon, Nov 28, 2022",7:00p,Minnesota Timberwolves,127.0,Washington Wizards,142.0,Capital One Arena
"Mon, Nov 28, 2022",7:30p,Charlotte Hornets,105.0,Boston Celtics,140.0,TD Garden
"Mon, Nov 28, 2022",7:30p,Orlando Magic,102.0,Brooklyn Nets,109.0,Barclays Center
"Mon, Nov 28, 2022",7:30p,Cleveland Cavaliers,88.0,Toronto Raptors,100.0,Scotiabank Arena
"Mon, Nov 28, 2022",8:00p,Oklahoma City Thunder,101.0,New Orleans Pelicans,105.0,Smoothie King Center
"Mon, Nov 28, 2022",9:00p,Houston Rockets,113.0,Denver Nuggets,129.0,Ball Arena
"Mon, Nov 28, 2022",9:00p,Chicago Bulls,114.0,Utah Jazz,107.0,Vivint Arena
"Mon, Nov 28, 2022",10:00p,Phoenix Suns,122.0,Sacramento Kings,117.0,Golden 1 Center
"Mon, Nov 28, 2022",10:30p,Indiana Pacers,116.0,Los Angeles Lakers,115.0,Crypto.com Arena
"Tue, Nov 29, 2022",7:00p,New York Knicks,140.0,Detroit Pistons,110.0,Little Caesars Arena
"Tue, Nov 29, 2022",7:30p,Golden State Warriors,113.0,Dallas Mavericks,116.0,American Airlines Center
"Tue, Nov 29, 2022",10:00p,Los Angeles Clippers,118.0,Portland Trail Blazers,112.0,Moda Center
"Wed, Nov 30, 2022",7:00p,Philadelphia 76ers,85.0,Cleveland Cavaliers,113.0,Rocket Mortgage Fieldhouse
"Wed, Nov 30, 2022",7:00p,Atlanta Hawks,125.0,Orlando Magic,108.0,Amway Center
"Wed, Nov 30, 2022",7:30p,Miami Heat,121.0,Boston Celtics,134.0,TD Garden
"Wed, Nov 30, 2022",7:30p,Washington Wizards,107.0,Brooklyn Nets,113.0,Barclays Center
"Wed, Nov 30, 2022",7:30p,Milwaukee Bucks,109.0,New York Knicks,103.0,Madison Square Garden (IV)
"Wed, Nov 30, 2022",8:00p,Memphis Grizzlies,101.0,Minnesota Timberwolves,109.0,Target Center
"Wed, Nov 30, 2022",8:00p,Toronto Raptors,108.0,New Orleans Pelicans,126.0,Smoothie King Center
"Wed, Nov 30, 2022",8:00p,San Antonio Spurs,111.0,Oklahoma City Thunder,119.0,Paycom Center
"Wed, Nov 30, 2022",9:00p,Houston Rockets,100.0,Denver Nuggets,120.0,Ball Arena
"Wed, Nov 30, 2022",9:00p,Chicago Bulls,113.0,Phoenix Suns,132.0,Footprint Center
"Wed, Nov 30, 2022",9:00p,Los Angeles Clippers,112.0,Utah Jazz,125.0,Vivint Arena
"Wed, Nov 30, 2022",10:00p,Indiana Pacers,114.0,Sacramento Kings,137.0,Golden 1 Center
"Wed, Nov 30, 2022",10:30p,Portland Trail Blazers,109.0,Los Angeles Lakers,128.0,Crypto.com Arena
"Thu, Dec 1, 2022",7:00p,Dallas Mavericks,125.0,Detroit Pistons,131.0,Little Caesars Arena
"Fri, Dec 2, 2022",7:00p,Washington Wizards,116.0,Charlotte Hornets,117.0,Spectrum Center
"Fri, Dec 2, 2022",7:30p,Denver Nuggets,109.0,Atlanta Hawks,117.0,State Farm Arena
"Fri, Dec 2, 2022",7:30p,Miami Heat,120.0,Boston Celtics,116.0,TD Garden
"Fri, Dec 2, 2022",7:30p,Toronto Raptors,105.0,Brooklyn Nets,114.0,Barclays Center
"Fri, Dec 2, 2022",7:30p,Orlando Magic,96.0,Cleveland Cavaliers,107.0,Rocket Mortgage Fieldhouse
"Fri, Dec 2, 2022",7:30p,Los Angeles Lakers,133.0,Milwaukee Bucks,129.0,Fiserv Forum
"Fri, Dec 2, 2022",8:00p,Philadelphia 76ers,109.0,Memphis Grizzlies,117.0,FedEx Forum
"Fri, Dec 2, 2022",8:00p,New Orleans Pelicans,117.0,San Antonio Spurs,99.0,AT&T Center
"Fri, Dec 2, 2022",9:00p,Houston Rockets,122.0,Phoenix Suns,121.0,Footprint Center
"Fri, Dec 2, 2022",9:00p,Indiana Pacers,119.0,Utah Jazz,139.0,Vivint Arena
"Fri, Dec 2, 2022",10:00p,Chicago Bulls,111.0,Golden State Warriors,119.0,Chase Center
"Sun, Jan 1, 2023",8:00p,Boston Celtics,111.0,Denver Nuggets,123.0,
"Sun, Jan 1, 2023",8:00p,Sacramento Kings,108.0,Memphis Grizzlies,118.0,
"Sun, Jan 1, 2023",8:00p,Washington Wizards,118.0,Milwaukee Bucks,95.0,
"Mon, Jan 2, 2023",3:00p,Phoenix Suns,83.0,New York Knicks,102.0,
"Mon, Jan 2, 2023",7:00p,Los Angeles Lakers,121.0,Charlotte Hornets,115.0,
"Mon, Jan 2, 2023",7:00p,Chicago Bulls,134.0,Cleveland Cavaliers,145.0,
"Mon, Jan 2, 2023",7:00p,Toronto Raptors,114.0,Indiana Pacers,122.0,
"Mon, Jan 2, 2023",7:00p,New Orleans Pelicans,111.0,Philadelphia 76ers,120.0,
"Mon, Jan 2, 2023",7:30p,San Antonio Spurs,103.0,Brooklyn Nets,139.0,
"Mon, Jan 2, 2023",8:00p,Dallas Mavericks,111.0,Houston Rockets,106.0,
"Mon, Jan 2, 2023",8:00p,Denver Nuggets,111.0,Minnesota Timberwolves,124.0,
"Mon, Jan 2, 2023",10:00p,Atlanta Hawks,141.0,Golden State Warriors,143.0,
"Mon, Jan 2, 2023",10:00p,Detroit Pistons,106.0,Portland Trail Blazers,135.0,
"Mon, Jan 2, 2023",10:30p,Miami Heat,110.0,Los Angeles Clippers,100.0,
"Tue, Jan 3, 2023",8:00p,Washington Wizards,113.0,Milwaukee Bucks,123.0,
"Tue, Jan 3, 2023",8:00p,Boston Celtics,117.0,Oklahoma City Thunder,150.0,
"Tue, Jan 3, 2023",9:00p,Sacramento Kings,117.0,Utah Jazz,115.0,
"Wed, Jan 4, 2023",7:00p,Memphis Grizzlies,131.0,Charlotte Hornets,107.0,
"Wed, Jan 4, 2023",7:00p,Phoenix Suns,88.0,Cleveland Cavaliers,90.0,
"Wed, Jan 4, 2023",7:00p,Oklahoma City Thunder,115.0,Orlando Magic,126.0,
"Wed, Jan 4, 2023",7:00p,Indiana Pacers,126.0,Philadelphia 76ers,129.0,
"Wed, Jan 4, 2023",7:30p,San Antonio Spurs,114.0,New York Knicks,117.0,
"Wed, Jan 4, 2023",7:30p,Milwaukee Bucks,104.0,Toronto Raptors,101.0,
"Wed, Jan 4, 2023",8:00p,Brooklyn Nets,112.0,Chicago Bulls,121.0,
"Wed, Jan 4, 2023",8:00p,Portland Trail Blazers,106.0,Minnesota Timberwolves,113.0,
"Wed, Jan 4, 2023",8:00p,Houston Rockets,108.0,New Orleans Pelicans,119.0,
"Wed, Jan 4, 2023",10:00p,Detroit Pistons,122.0,Golden State Warriors,119.0,
"Wed, Jan 4, 2023",10:00p,Miami Heat,109.0,Los Angeles Lakers,112.0,
"Wed, Jan 4, 2023",10:00p,Atlanta Hawks,120.0,Sacramento Kings,117.0,
"Thu, Jan 5, 2023",7:00p,Memphis Grizzlies,123.0,Orlando Magic,115.0,
"Thu, Jan 5, 2023",7:30p,Boston Celtics,124.0,Dallas Mavericks,95.0,
"Thu, Jan 5, 2023",8:00p,Utah Jazz,131.0,Houston Rockets,114.0,
"Thu, Jan 5, 2023",10:00p,Los Angeles Clippers,91.0,Denver Nuggets,122.0,
"Fri, Jan 6, 2023",7:00p,Portland Trail Blazers,99.0,Indiana Pacers,108.0,
"Fri, Jan 6, 2023",7:00p,Chicago Bulls,126.0,Philadelphia 76ers,112.0,
"Fri, Jan 6, 2023",7:30p,Brooklyn Nets,108.0,New Orleans Pelicans,102.0,
"Fri, Jan 6, 2023",7:30p,New York Knicks,112.0,Toronto Raptors,108.0,
"Fri, Jan 6, 2023",8:00p,Charlotte Hornets,138.0,Milwaukee Bucks,109.0,
"Fri, Jan 6, 2023",8:00p,Washington Wizards,110.0,Oklahoma City Thunder,127.0,
"Fri, Jan 6, 2023",8:00p,Detroit Pistons,109.0,San Antonio Spurs,121.0,
"Fri, Jan 6, 2023",9:00p,Cleveland Cavaliers,108.0,Denver Nuggets,121.0,
"Fri, Jan 6, 2023",9:00p,Los Angeles Clippers,115.0,Minnesota Timberwolves,128.0,
"Fri, Jan 6, 2023",10:00p,Miami Heat,104.0,Phoenix Suns,96.0,
"Fri, Jan 6, 2023",10:30p,Atlanta Hawks,114.0,Los Angeles Lakers,130.0,
"Sat, Jan 7, 2023",6:00p,Boston Celtics,121.0,San Antonio Spurs,116.0,
"Sat, Jan 7, 2023",8:00p,Utah Jazz,118.0,Chicago Bulls,126.0,
"Sat, Jan 7, 2023",8:00p,New Orleans Pelicans,117.0,Dallas Mavericks,127.0,
"Sat, Jan 7, 2023",8:30p,Orlando Magic,115.0,Golden State Warriors,101.0,
"Sat, Jan 7, 2023",10:00p,Los Angeles Lakers,136.0,Sacramento Kings,134.0,
"Sun, Jan 8, 2023",3:00p,Philadelphia 76ers,123.0,Detroit Pistons,111.0,
"Sun, Jan 8, 2023",3:30p,Portland Trail Blazers,105.0,Toronto Raptors,117.0,
"Sun, Jan 8, 2023",5:00p,Charlotte Hornets,111.0,Indiana Pacers,116.0,
"Sun, Jan 8, 2023",6:00p,Utah Jazz,118.0,Memphis Grizzlies,123.0,
"Sun, Jan 8, 2023",6:00p,Brooklyn Nets,102.0,Miami Heat,101.0,
"Sun, Jan 8, 2023",7:00p,Minnesota Timberwolves,104.0,Houston Rockets,96.0,
"Sun, Jan 8, 2023",7:00p,Dallas Mavericks,109.0,Oklahoma City Thunder,120.0,
"Sun, Jan 8, 2023",8:00p,Cleveland Cavaliers,112.0,Phoenix Suns,98.0,
"Sun, Jan 8, 2023",9:00p,Atlanta Hawks,112.0,Los Angeles Clippers,108.0,
"Mon, Jan 9, 2023",7:00p,New Orleans Pelicans,132.0,Washington Wizards,112.0,
"Mon, Jan 9, 2023",7:30p,Chicago Bulls,99.0,Boston Celtics,107.0,
"Mon, Jan 9, 2023",7:30p,Milwaukee Bucks,111.0,New York Knicks,107.0,
"Mon, Jan 9, 2023",8:00p,San Antonio Spurs,113.0,Memphis Grizzlies,121.0,
"Mon, Jan 9, 2023",9:00p,Los Angeles Lakers,109.0,Denver Nuggets,122.0,
"Mon, Jan 9, 2023",10:00p,Orlando Magic,111.0,Sacramento Kings,136.0,
"Tue, Jan 10, 2023",7:00p,Detroit Pistons,116.0,Philadelphia 76ers,147.0,
"Tue, Jan 10, 2023",7:30p,Oklahoma City Thunder,111.0,Miami Heat,112.0,
"Tue, Jan 10, 2023",7:30p,Charlotte Hornets,120.0,Toronto Raptors,132.0,
"Tue, Jan 10, 2023",9:00p,Cleveland Cavaliers,114.0,Utah Jazz,116.0,
"Tue, Jan 10, 2023",10:00p,Phoenix Suns,125.0,Golden State Warriors,113.0,
"Tue, Jan 10, 2023",10:00p,Orlando Magic,109.0,Portland Trail Blazers,106.0,
"Tue, Jan 10, 2023",10:30p,Dallas Mavericks,101.0,Los Angeles Clippers,113.0,
"Wed, Jan 11, 2023",7:00p,Minnesota Timberwolves,118.0,Detroit Pistons,135.0,
"Wed, Jan 11, 2023",7:00p,Chicago Bulls,97.0,Washington Wizards,100.0,
"Wed, Jan 11, 2023",7:30p,Milwaukee Bucks,114.0,Atlanta Hawks,105.0,
"Wed, Jan 11, 2023",7:30p,New Orleans Pelicans,114.0,Boston Celtics,125.0,
"Wed, Jan 11, 2023",7:30p,Indiana Pacers,113.0,New York Knicks,119.0,
"Wed, Jan 11, 2023",8:00p,San Antonio Spurs,129.0,Memphis Grizzlies,135.0,
"Wed, Jan 11, 2023",10:00p,Phoenix Suns,97.0,Denver Nuggets,126.0,
"Wed, Jan 11, 2023",10:00p,Houston Rockets,115.0,Sacramento Kings,135.0,
"Thu, Jan 12, 2023",7:00p,Oklahoma City Thunder,133.0,Philadelphia 76ers,114.0,
"Thu, Jan 12, 2023",7:30p,Boston Celtics,109.0,Brooklyn Nets,98.0,
"Thu, Jan 12, 2023",7:30p,Milwaukee Bucks,102.0,Miami Heat,108.0,
"Thu, Jan 12, 2023",7:30p,Charlotte Hornets,114.0,Toronto Raptors,124.0,
"Thu, Jan 12, 2023",10:00p,Dallas Mavericks,119.0,Los Angeles Lakers,115.0,
"Thu, Jan 12, 2023",10:00p,Cleveland Cavaliers,119.0,Portland Trail Blazers,113.0,
"Fri, Jan 13, 2023",7:00p,New Orleans Pelicans,116.0,Detroit Pistons,110.0,
"Fri, Jan 13, 2023",7:00p,Atlanta Hawks,113.0,Indiana Pacers,111.0,
"Fri, Jan 13, 2023",7:00p,New York Knicks,112.0,Washington Wizards,108.0,
"Fri, Jan 13, 2023",7:30p,Golden State Warriors,144.0,San Antonio Spurs,113.0,
"Fri, Jan 13, 2023",8:00p,Oklahoma City Thunder,124.0,Chicago Bulls,110.0,
"Fri, Jan 13, 2023",8:00p,Phoenix Suns,116.0,Minnesota Timberwolves,121.0,
"Fri, Jan 13, 2023",9:00p,Orlando Magic,108.0,Utah Jazz,112.0,
"Fri, Jan 13, 2023",10:00p,Denver Nuggets,115.0,Los Angeles Clippers,103.0,
"Fri, Jan 13, 2023",10:00p,Houston Rockets,114.0,Sacramento Kings,139.0,
"Sat, Jan 14, 2023",1:00p,Milwaukee Bucks,95.0,Miami Heat,111.0,
"Sat, Jan 14, 2023",7:00p,Boston Celtics,122.0,Charlotte Hornets,106.0,
"Sat, Jan 14, 2023",7:00p,Memphis Grizzlies,130.0,Indiana Pacers,112.0,
"Sat, Jan 14, 2023",7:30p,Atlanta Hawks,114.0,Toronto Raptors,103.0,
"Sat, Jan 14, 2023",8:00p,Cleveland Cavaliers,102.0,Minnesota Timberwolves,110.0,
"Sat, Jan 14, 2023",9:00p,Philadelphia 76ers,118.0,Utah Jazz,117.0,
"Sat, Jan 14, 2023",10:00p,Dallas Mavericks,119.0,Portland Trail Blazers,136.0,
"Sun, Jan 15, 2023",1:00p,New York Knicks,117.0,Detroit Pistons,104.0,
"Sun, Jan 15, 2023",3:00p,Houston Rockets,100.0,Los Angeles Clippers,121.0,
"Sun, Jan 15, 2023",3:30p,Golden State Warriors,118.0,Chicago Bulls,132.0,
"Sun, Jan 15, 2023",6:00p,Oklahoma City Thunder,112.0,Brooklyn Nets,102.0,
"Sun, Jan 15, 2023",7:00p,Sacramento Kings,132.0,San Antonio Spurs,119.0,
"Sun, Jan 15, 2023",8:00p,Orlando Magic,116.0,Denver Nuggets,119.0,
"Sun, Jan 15, 2023",9:00p,Dallas Mavericks,123.0,Portland Trail Blazers,140.0,
"Sun, Jan 15, 2023",9:30p,Philadelphia 76ers,113.0,Los Angeles Lakers,112.0,
"Mon, Jan 16, 2023",1:00p,Boston Celtics,130.0,Charlotte Hornets,118.0,
"Mon, Jan 16, 2023",2:30p,Indiana Pacers,119.0,Milwaukee Bucks,132.0,
"Mon, Jan 16, 2023",3:00p,New Orleans Pelicans,103.0,Cleveland Cavaliers,113.0,
"Mon, Jan 16, 2023",3:00p,Toronto Raptors,123.0,New York Knicks,121.0,
"Mon, Jan 16, 2023",3:00p,Golden State Warriors,127.0,Washington Wizards,118.0,
"Mon, Jan 16, 2023",3:30p,Miami Heat,113.0,Atlanta Hawks,121.0,
"Mon, Jan 16, 2023",4:00p,Utah Jazz,126.0,Minnesota Timberwolves,125.0,
"Mon, Jan 16, 2023",6:00p,Phoenix Suns,106.0,Memphis Grizzlies,136.0,
"Mon, Jan 16, 2023",10:30p,Houston Rockets,132.0,Los Angeles Lakers,140.0,
"Tue, Jan 17, 2023",7:30p,Toronto Raptors,122.0,Milwaukee Bucks,130.0,
"Tue, Jan 17, 2023",8:00p,Brooklyn Nets,98.0,San Antonio Spurs,106.0,
"Tue, Jan 17, 2023",9:00p,Portland Trail Blazers,113.0,Denver Nuggets,122.0,
"Tue, Jan 17, 2023",10:00p,Philadelphia 76ers,120.0,Los Angeles Clippers,110.0,
"Wed, Jan 18, 2023",7:30p,Atlanta Hawks,130.0,Dallas Mavericks,122.0,
"Wed, Jan 18, 2023",7:30p,Washington Wizards,116.0,New York Knicks,105.0,
"Wed, Jan 18, 2023",8:00p,Charlotte Hornets,122.0,Houston Rockets,117.0,
"Wed, Jan 18, 2023",8:00p,Cleveland Cavaliers,114.0,Memphis Grizzlies,115.0,
"Wed, Jan 18, 2023",8:00p,Miami Heat,124.0,New Orleans Pelicans,98.0,
"Wed, Jan 18, 2023",8:00p,Indiana Pacers,106.0,Oklahoma City Thunder,126.0,
"Wed, Jan 18, 2023",9:00p,Los Angeles Clippers,103.0,Utah Jazz,126.0,
"Wed, Jan 18, 2023",10:00p,Minnesota Timberwolves,118.0,Denver Nuggets,122.0,
"Wed, Jan 18, 2023",10:30p,Sacramento Kings,116.0,Los Angeles Lakers,111.0,
"Thu, Jan 19, 2023",3:00p,Chicago Bulls,126.0,Detroit Pistons,108.0,
"Thu, Jan 19, 2023",7:30p,Golden State Warriors,118.0,Boston Celtics,121.0,
"Thu, Jan 19, 2023",8:00p,Toronto Raptors,126.0,Minnesota Timberwolves,128.0,
"Thu, Jan 19, 2023",10:00p,Brooklyn Nets,112.0,Phoenix Suns,117.0,
"Thu, Jan 19, 2023",10:00p,Philadelphia 76ers,105.0,Portland Trail Blazers,95.0,
"Fri, Jan 20, 2023",7:00p,New Orleans Pelicans,110.0,Orlando Magic,123.0,
"Fri, Jan 20, 2023",7:30p,New York Knicks,124.0,Atlanta Hawks,139.0,
"Fri, Jan 20, 2023",7:30p,Golden State Warriors,120.0,Cleveland Cavaliers,114.0,
"Fri, Jan 20, 2023",7:30p,Miami Heat,90.0,Dallas Mavericks,115.0,
"Fri, Jan 20, 2023",8:00p,Los Angeles Clippers,131.0,San Antonio Spurs,126.0,
"Fri, Jan 20, 2023",9:00p,Indiana Pacers,111.0,Denver Nuggets,134.0,
"Fri, Jan 20, 2023",9:00p,Brooklyn Nets,117.0,Utah Jazz,106.0,
"Fri, Jan 20, 2023",10:00p,Memphis Grizzlies,121.0,Los Angeles Lakers,122.0,
"Fri, Jan 20, 2023",10:00p,Oklahoma City Thunder,113.0,Sacramento Kings,118.0,
"Sat, Jan 21, 2023",5:00p,Boston Celtics,106.0,Toronto Raptors,104.0,
"Sat, Jan 21, 2023",7:00p,Orlando Magic,118.0,Washington Wizards,138.0,
"Sat, Jan 21, 2023",7:30p,Charlotte Hornets,122.0,Atlanta Hawks,118.0,
"Sat, Jan 21, 2023",7:30p,Milwaukee Bucks,102.0,Cleveland Cavaliers,114.0,
"Sat, Jan 21, 2023",8:00p,Houston Rockets,104.0,Minnesota Timberwolves,113.0,
"Sat, Jan 21, 2023",9:00p,Indiana Pacers,107.0,Phoenix Suns,112.0,
"Sat, Jan 21, 2023",10:00p,Philadelphia 76ers,129.0,Sacramento Kings,127.0,
"Sun, Jan 22, 2023",2:30p,Los Angeles Clippers,112.0,Dallas Mavericks,98.0,
"Sun, Jan 22, 2023",3:30p,New Orleans Pelicans,96.0,Miami Heat,100.0,
"Sun, Jan 22, 2023",6:00p,New York Knicks,116.0,Toronto Raptors,125.0,
"Sun, Jan 22, 2023",8:00p,Oklahoma City Thunder,101.0,Denver Nuggets,99.0,
"Sun, Jan 22, 2023",8:00p,Memphis Grizzlies,110.0,Phoenix Suns,112.0,
"Sun, Jan 22, 2023",8:30p,Brooklyn Nets,120.0,Golden State Warriors,116.0,
"Sun, Jan 22, 2023",9:00p,Los Angeles Lakers,121.0,Portland Trail Blazers,112.0,
"Mon, Jan 23, 2023",7:00p,Milwaukee Bucks,150.0,Detroit Pistons,130.0,
"Mon, Jan 23, 2023",7:00p,Boston Celtics,98.0,Orlando Magic,113.0,
"Mon, Jan 23, 2023",8:00p,Atlanta Hawks,100.0,Chicago Bulls,111.0,
"Mon, Jan 23, 2023",8:00p,Minnesota Timberwolves,114.0,Houston Rockets,119.0,
"Mon, Jan 23, 2023",9:00p,Charlotte Hornets,102.0,Utah Jazz,120.0,
"Mon, Jan 23, 2023",10:00p,San Antonio Spurs,127.0,Portland Trail Blazers,147.0,
"Mon, Jan 23, 2023",10:30p,Memphis Grizzlies,100.0,Sacramento Kings,133.0,
"Tue, Jan 24, 2023",7:00p,Chicago Bulls,110.0,Indiana Pacers,116.0,
"Tue, Jan 24, 2023",7:30p,Boston Celtics,95.0,Miami Heat,98.0,
"Tue, Jan 24, 2023",7:30p,Cleveland Cavaliers,103.0,New York Knicks,105.0,
"Tue, Jan 24, 2023",8:00p,Denver Nuggets,99.0,New Orleans Pelicans,98.0,
"Tue, Jan 24, 2023",8:30p,Washington Wizards,127.0,Dallas Mavericks,126.0,
"Tue, Jan 24, 2023",9:00p,Charlotte Hornets,97.0,Phoenix Suns,128.0,
"Tue, Jan 24, 2023",10:00p,Los Angeles Clippers,133.0,Los Angeles Lakers,115.0,
"Wed, Jan 25, 2023",7:00p,Indiana Pacers,120.0,Orlando Magic,126.0,
"Wed, Jan 25, 2023",7:30p,Brooklyn Nets,133.0,Philadelphia 76ers,137.0,
"Wed, Jan 25, 2023",8:00p,Washington Wizards,108.0,Houston Rockets,103.0,
"Wed, Jan 25, 2023",8:00p,Denver Nuggets,99.0,Milwaukee Bucks,107.0,
"Wed, Jan 25, 2023",8:00p,Minnesota Timberwolves,111.0,New Orleans Pelicans,102.0,
"Wed, Jan 25, 2023",8:00p,Atlanta Hawks,137.0,Oklahoma City Thunder,132.0,
"Wed, Jan 25, 2023",10:00p,Memphis Grizzlies,120.0,Golden State Warriors,122.0,
"Wed, Jan 25, 2023",10:00p,Utah Jazz,124.0,Portland Trail Blazers,134.0,
"Wed, Jan 25, 2023",10:00p,Toronto Raptors,113.0,Sacramento Kings,95.0,
"Wed, Jan 25, 2023",10:30p,San Antonio Spurs,104.0,Los Angeles Lakers,113.0,
"Thu, Jan 26, 2023",7:30p,New York Knicks,120.0,Boston Celtics,117.0,
"Thu, Jan 26, 2023",7:30p,Detroit Pistons,130.0,Brooklyn Nets,122.0,
"Thu, Jan 26, 2023",7:30p,Chicago Bulls,96.0,Charlotte Hornets,111.0,
"Thu, Jan 26, 2023",8:00p,Cleveland Cavaliers,113.0,Houston Rockets,95.0,
"Thu, Jan 26, 2023",10:00p,Dallas Mavericks,99.0,Phoenix Suns,95.0,
"Thu, Jan 26, 2023",10:30p,San Antonio Spurs,100.0,Los Angeles Clippers,138.0,
"Fri, Jan 27, 2023",7:00p,Milwaukee Bucks,141.0,Indiana Pacers,131.0,
"Fri, Jan 27, 2023",7:30p,Memphis Grizzlies,100.0,Minnesota Timberwolves,111.0,
"Fri, Jan 27, 2023",8:00p,Orlando Magic,105.0,Miami Heat,110.0,
"Fri, Jan 27, 2023",8:00p,Cleveland Cavaliers,100.0,Oklahoma City Thunder,112.0,
"Fri, Jan 27, 2023",10:00p,Toronto Raptors,117.0,Golden State Warriors,129.0,
"Sat, Jan 28, 2023",3:00p,Denver Nuggets,119.0,Philadelphia 76ers,126.0,
"Sat, Jan 28, 2023",5:30p,New York Knicks,115.0,Brooklyn Nets,122.0,
"Sat, Jan 28, 2023",7:00p,Houston Rockets,117.0,Detroit Pistons,114.0,
"Sat, Jan 28, 2023",7:00p,Chicago Bulls,128.0,Orlando Magic,109.0,
"Sat, Jan 28, 2023",7:30p,Los Angeles Clippers,120.0,Atlanta Hawks,113.0,
"Sat, Jan 28, 2023",8:00p,Sacramento Kings,110.0,Minnesota Timberwolves,117.0,
"Sat, Jan 28, 2023",8:00p,Washington Wizards,113.0,New Orleans Pelicans,103.0,
"Sat, Jan 28, 2023",8:00p,Phoenix Suns,128.0,San Antonio Spurs,118.0,
"Sat, Jan 28, 2023",8:30p,Los Angeles Lakers,121.0,Boston Celtics,125.0,
"Sat, Jan 28, 2023",9:00p,Dallas Mavericks,100.0,Utah Jazz,108.0,
"Sat, Jan 28, 2023",10:00p,Toronto Raptors,123.0,Portland Trail Blazers,105.0,
"Sun, Jan 29, 2023",1:00p,Miami Heat,117.0,Charlotte Hornets,122.0,
"Sun, Jan 29, 2023",6:00p,Indiana Pacers,100.0,Memphis Grizzlies,112.0,
"Sun, Jan 29, 2023",7:00p,Los Angeles Clippers,99.0,Cleveland Cavaliers,122.0,
"Sun, Jan 29, 2023",8:00p,New Orleans Pelicans,110.0,Milwaukee Bucks,135.0,
"Mon, Jan 30, 2023",7:00p,Orlando Magic,119.0,Philadelphia 76ers,109.0,
"Mon, Jan 30, 2023",7:30p,Los Angeles Lakers,104.0,Brooklyn Nets,121.0,
"Mon, Jan 30, 2023",8:00p,Sacramento Kings,118.0,Minnesota Timberwolves,111.0,
"Mon, Jan 30, 2023",8:00p,Golden State Warriors,128.0,Oklahoma City Thunder,120.0,
"Mon, Jan 30, 2023",8:00p,Washington Wizards,127.0,San Antonio Spurs,106.0,
"Mon, Jan 30, 2023",8:30p,Detroit Pistons,105.0,Dallas Mavericks,111.0,
"Mon, Jan 30, 2023",9:00p,Toronto Raptors,106.0,Phoenix Suns,114.0,
"Mon, Jan 30, 2023",10:00p,Atlanta Hawks,125.0,Portland Trail Blazers,129.0,
"Tue, Jan 31, 2023",7:00p,Miami Heat,100.0,Cleveland Cavaliers,97.0,
"Tue, Jan 31, 2023",7:30p,Los Angeles Lakers,129.0,New York Knicks,123.0,
"Tue, Jan 31, 2023",8:00p,Los Angeles Clippers,108.0,Chicago Bulls,103.0,
"Tue, Jan 31, 2023",8:00p,Charlotte Hornets,115.0,Milwaukee Bucks,124.0,
"Tue, Jan 31, 2023",10:00p,New Orleans Pelicans,113.0,Denver Nuggets,122.0,
"Wed, Feb 1, 2023",7:00p,Portland Trail Blazers,122.0,Memphis Grizzlies,112.0,
"Wed, Feb 1, 2023",7:00p,Orlando Magic,94.0,Philadelphia 76ers,105.0,
"Wed, Feb 1, 2023",7:30p,Brooklyn Nets,96.0,Boston Celtics,139.0,
"Wed, Feb 1, 2023",8:00p,Oklahoma City Thunder,106.0,Houston Rockets,112.0,
"Wed, Feb 1, 2023",8:00p,Golden State Warriors,114.0,Minnesota Timberwolves,119.0,
"Wed, Feb 1, 2023",8:00p,Sacramento Kings,119.0,San Antonio Spurs,109.0,
"Wed, Feb 1, 2023",9:00p,Toronto Raptors,128.0,Utah Jazz,131.0,
"Wed, Feb 1, 2023",10:00p,Atlanta Hawks,132.0,Phoenix Suns,100.0,
"Thu, Feb 2, 2023",7:00p,Los Angeles Lakers,112.0,Indiana Pacers,111.0,
"Thu, Feb 2, 2023",7:30p,Memphis Grizzlies,113.0,Cleveland Cavaliers,128.0,
"Thu, Feb 2, 2023",7:30p,Miami Heat,104.0,New York Knicks,106.0,
"Thu, Feb 2, 2023",8:00p,Charlotte Hornets,98.0,Chicago Bulls,114.0,
"Thu, Feb 2, 2023",8:30p,New Orleans Pelicans,106.0,Dallas Mavericks,111.0,
"Thu, Feb 2, 2023",9:00p,Golden State Warriors,117.0,Denver Nuggets,134.0,
"Thu, Feb 2, 2023",10:00p,Los Angeles Clippers,105.0,Milwaukee Bucks,106.0,
"Fri, Feb 3, 2023",7:00p,Charlotte Hornets,112.0,Detroit Pistons,118.0,
"Fri, Feb 3, 2023",7:00p,Sacramento Kings,104.0,Indiana Pacers,107.0,
"Fri, Feb 3, 2023",7:00p,Portland Trail Blazers,124.0,Washington Wizards,116.0,
"Fri, Feb 3, 2023",7:30p,Phoenix Suns,106.0,Boston Celtics,94.0,
"Fri, Feb 3, 2023",8:00p,Toronto Raptors,117.0,Houston Rockets,111.0,
"Fri, Feb 3, 2023",8:00p,Orlando Magic,127.0,Minnesota Timberwolves,120.0,
"Fri, Feb 3, 2023",8:00p,Philadelphia 76ers,137.0,San Antonio Spurs,125.0,
"Fri, Feb 3, 2023",9:00p,Atlanta Hawks,115.0,Utah Jazz,108.0,
"Sat, Feb 4, 2023",6:00p,Washington Wizards,123.0,Brooklyn Nets,125.0,
"Sat, Feb 4, 2023",6:00p,Los Angeles Lakers,126.0,New Orleans Pelicans,131.0,
"Sat, Feb 4, 2023",7:00p,Phoenix Suns,116.0,Detroit Pistons,100.0,
"Sat, Feb 4, 2023",7:00p,Los Angeles Clippers,134.0,New York Knicks,128.0,
"Sat, Feb 4, 2023",8:00p,Portland Trail Blazers,121.0,Chicago Bulls,129.0,
"Sat, Feb 4, 2023",8:00p,Miami Heat,115.0,Milwaukee Bucks,123.0,
"Sat, Feb 4, 2023",8:00p,Houston Rockets,121.0,Oklahoma City Thunder,153.0,
"Sat, Feb 4, 2023",8:30p,Dallas Mavericks,113.0,Golden State Warriors,119.0,
"Sat, Feb 4, 2023",9:00p,Atlanta Hawks,108.0,Denver Nuggets,128.0,
"Sun, Feb 5, 2023",1:00p,Orlando Magic,119.0,Charlotte Hornets,113.0,
"Sun, Feb 5, 2023",5:00p,Cleveland Cavaliers,122.0,Indiana Pacers,103.0,
"Sun, Feb 5, 2023",6:00p,Toronto Raptors,106.0,Memphis Grizzlies,103.0,
"Sun, Feb 5, 2023",6:00p,Philadelphia 76ers,97.0,New York Knicks,108.0,
"Sun, Feb 5, 2023",7:00p,Denver Nuggets,98.0,Minnesota Timberwolves,128.0,
"Sun, Feb 5, 2023",7:00p,Sacramento Kings,104.0,New Orleans Pelicans,136.0,
"Mon, Feb 6, 2023",7:00p,Boston Celtics,111.0,Detroit Pistons,99.0,
"Mon, Feb 6, 2023",7:00p,Cleveland Cavaliers,114.0,Washington Wizards,91.0,
"Mon, Feb 6, 2023",7:30p,Los Angeles Clippers,124.0,Brooklyn Nets,116.0,
"Mon, Feb 6, 2023",8:00p,San Antonio Spurs,104.0,Chicago Bulls,128.0,
"Mon, Feb 6, 2023",8:00p,Sacramento Kings,140.0,Houston Rockets,120.0,
"Mon, Feb 6, 2023",9:00p,Dallas Mavericks,124.0,Utah Jazz,111.0,
"Mon, Feb 6, 2023",10:00p,Oklahoma City Thunder,114.0,Golden State Warriors,141.0,
"Mon, Feb 6, 2023",10:00p,Milwaukee Bucks,127.0,Portland Trail Blazers,108.0,
"Tue, Feb 7, 2023",7:00p,New York Knicks,102.0,Orlando Magic,98.0,
"Tue, Feb 7, 2023",7:30p,Phoenix Suns,116.0,Brooklyn Nets,112.0,
"Tue, Feb 7, 2023",7:30p,Atlanta Hawks,107.0,New Orleans Pelicans,116.0,
"Tue, Feb 7, 2023",8:00p,Chicago Bulls,89.0,Memphis Grizzlies,104.0,
"Tue, Feb 7, 2023",9:00p,Minnesota Timberwolves,112.0,Denver Nuggets,146.0,
"Tue, Feb 7, 2023",10:00p,Oklahoma City Thunder,133.0,Los Angeles Lakers,130.0,
"Wed, Feb 8, 2023",7:00p,Detroit Pistons,85.0,Cleveland Cavaliers,113.0,
"Wed, Feb 8, 2023",7:00p,Charlotte Hornets,104.0,Washington Wizards,118.0,
"Wed, Feb 8, 2023",7:30p,Philadelphia 76ers,99.0,Boston Celtics,106.0,
"Wed, Feb 8, 2023",7:30p,Indiana Pacers,111.0,Miami Heat,116.0,
"Wed, Feb 8, 2023",7:30p,San Antonio Spurs,98.0,Toronto Raptors,112.0,
"Wed, Feb 8, 2023",8:00p,Sacramento Kings,130.0,Houston Rockets,128.0,
"Wed, Feb 8, 2023",9:00p,Minnesota Timberwolves,143.0,Utah Jazz,118.0,
"Wed, Feb 8, 2023",10:00p,Dallas Mavericks,110.0,Los Angeles Clippers,104.0,
"Wed, Feb 8, 2023",10:00p,Golden State Warriors,122.0,Portland Trail Blazers,125.0,
"Thu, Feb 9, 2023",7:00p,Denver Nuggets,104.0,Orlando Magic,115.0,
"Thu, Feb 9, 2023",7:30p,Phoenix Suns,107.0,Atlanta Hawks,116.0,
"Thu, Feb 9, 2023",7:30p,Chicago Bulls,105.0,Brooklyn Nets,116.0,
"Thu, Feb 9, 2023",10:00p,Milwaukee Bucks,115.0,Los Angeles Lakers,106.0,
"Fri, Feb 10, 2023",7:00p,San Antonio Spurs,131.0,Detroit Pistons,138.0,
"Fri, Feb 10, 2023",7:00p,Phoenix Suns,117.0,Indiana Pacers,104.0,
"Fri, Feb 10, 2023",7:00p,New York Knicks,108.0,Philadelphia 76ers,119.0,
"Fri, Feb 10, 2023",7:30p,Charlotte Hornets,116.0,Boston Celtics,127.0,
"Fri, Feb 10, 2023",7:30p,Utah Jazz,122.0,Toronto Raptors,116.0,
"Fri, Feb 10, 2023",8:00p,Minnesota Timberwolves,107.0,Memphis Grizzlies,128.0,
"Fri, Feb 10, 2023",8:00p,Houston Rockets,95.0,Miami Heat,97.0,
"Fri, Feb 10, 2023",10:00p,Cleveland Cavaliers,118.0,New Orleans Pelicans,107.0,
"Fri, Feb 10, 2023",10:00p,Oklahoma City Thunder,138.0,Portland Trail Blazers,129.0,
"Fri, Feb 10, 2023",10:00p,Dallas Mavericks,122.0,Sacramento Kings,114.0,
"Fri, Feb 10, 2023",10:30p,Milwaukee Bucks,119.0,Los Angeles Clippers,106.0,
"Sat, Feb 11, 2023",6:00p,Philadelphia 76ers,101.0,Brooklyn Nets,98.0,
"Sat, Feb 11, 2023",7:00p,Denver Nuggets,119.0,Charlotte Hornets,105.0,
"Sat, Feb 11, 2023",7:00p,Miami Heat,107.0,Orlando Magic,103.0,
"Sat, Feb 11, 2023",7:00p,Indiana Pacers,113.0,Washington Wizards,127.0,
"Sat, Feb 11, 2023",7:30p,San Antonio Spurs,106.0,Atlanta Hawks,125.0,
"Sat, Feb 11, 2023",7:30p,Utah Jazz,120.0,New York Knicks,126.0,
"Sat, Feb 11, 2023",8:00p,Chicago Bulls,89.0,Cleveland Cavaliers,97.0,
"Sat, Feb 11, 2023",8:30p,Los Angeles Lakers,109.0,Golden State Warriors,103.0,
"Sat, Feb 11, 2023",10:00p,Dallas Mavericks,128.0,Sacramento Kings,133.0,
"Sun, Feb 12, 2023",2:00p,Memphis Grizzlies,109.0,Boston Celtics,119.0,
"Sun, Feb 12, 2023",3:00p,Detroit Pistons,118.0,Toronto Raptors,119.0,
"Mon, Feb 13, 2023",7:00p,Atlanta Hawks,138.0,Charlotte Hornets,144.0,
"Mon, Feb 13, 2023",7:00p,San Antonio Spurs,109.0,Cleveland Cavaliers,117.0,
"Mon, Feb 13, 2023",7:00p,Utah Jazz,123.0,Indiana Pacers,117.0,
"Mon, Feb 13, 2023",7:00p,Houston Rockets,104.0,Philadelphia 76ers,123.0,
"Mon, Feb 13, 2023",7:30p,Denver Nuggets,112.0,Miami Heat,108.0,
"Mon, Feb 13, 2023",7:30p,Brooklyn Nets,106.0,New York Knicks,124.0,
"Mon, Feb 13, 2023",8:00p,Orlando Magic,100.0,Chicago Bulls,91.0,
"Mon, Feb 13, 2023",8:00p,New Orleans Pelicans,103.0,Oklahoma City Thunder,100.0,
"Mon, Feb 13, 2023",8:30p,Minnesota Timberwolves,124.0,Dallas Mavericks,121.0,
"Mon, Feb 13, 2023",10:00p,Washington Wizards,126.0,Golden State Warriors,135.0,
"Mon, Feb 13, 2023",10:00p,Los Angeles Lakers,115.0,Portland Trail Blazers,127.0,
"Tue, Feb 14, 2023",7:30p,Boston Celtics,125.0,Milwaukee Bucks,131.0,
"Tue, Feb 14, 2023",7:30p,Orlando Magic,113.0,Toronto Raptors,123.0,
"Tue, Feb 14, 2023",9:00p,Sacramento Kings,109.0,Phoenix Suns,120.0,
"Tue, Feb 14, 2023",10:00p,Golden State Warriors,124.0,Los Angeles Clippers,134.0,
"Tue, Feb 14, 2023",10:00p,Washington Wizards,126.0,Portland Trail Blazers,101.0,
"Wed, Feb 15, 2023",7:00p,San Antonio Spurs,110.0,Charlotte Hornets,120.0,
"Wed, Feb 15, 2023",7:00p,Chicago Bulls,113.0,Indiana Pacers,117.0,
"Wed, Feb 15, 2023",7:30p,New York Knicks,122.0,Atlanta Hawks,101.0,
"Wed, Feb 15, 2023",7:30p,Detroit Pistons,109.0,Boston Celtics,127.0,
"Wed, Feb 15, 2023",7:30p,Miami Heat,105.0,Brooklyn Nets,116.0,
"Wed, Feb 15, 2023",7:30p,Cleveland Cavaliers,112.0,Philadelphia 76ers,118.0,
"Wed, Feb 15, 2023",8:00p,Utah Jazz,111.0,Memphis Grizzlies,117.0,
"Wed, Feb 15, 2023",8:00p,Houston Rockets,96.0,Oklahoma City Thunder,133.0,
"Wed, Feb 15, 2023",9:00p,Dallas Mavericks,109.0,Denver Nuggets,118.0,
"Wed, Feb 15, 2023",10:00p,New Orleans Pelicans,102.0,Los Angeles Lakers,120.0,
"Thu, Feb 16, 2023",7:30p,Milwaukee Bucks,112.0,Chicago Bulls,100.0,
"Thu, Feb 16, 2023",8:00p,Washington Wizards,114.0,Minnesota Timberwolves,106.0,
"Thu, Feb 16, 2023",10:00p,Los Angeles Clippers,116.0,Phoenix Suns,107.0,
"Thu, Feb 23, 2023",7:00p,Denver Nuggets,115.0,Cleveland Cavaliers,109.0,
"Thu, Feb 23, 2023",7:00p,Boston Celtics,142.0,Indiana Pacers,138.0,
"Thu, Feb 23, 2023",7:00p,Detroit Pistons,106.0,Orlando Magic,108.0,
"Thu, Feb 23, 2023",7:30p,Memphis Grizzlies,105.0,Philadelphia 76ers,110.0,
"Thu, Feb 23, 2023",7:30p,New Orleans Pelicans,110.0,Toronto Raptors,115.0,
"Thu, Feb 23, 2023",8:30p,San Antonio Spurs,116.0,Dallas Mavericks,142.0,
"Thu, Feb 23, 2023",9:00p,Oklahoma City Thunder,119.0,Utah Jazz,120.0,
"Thu, Feb 23, 2023",10:00p,Golden State Warriors,111.0,Los Angeles Lakers,124.0,
"Thu, Feb 23, 2023",10:00p,Portland Trail Blazers,116.0,Sacramento Kings,133.0,
"Fri, Feb 24, 2023",7:00p,New York Knicks,115.0,Washington Wizards,109.0,
"Fri, Feb 24, 2023",7:30p,Cleveland Cavaliers,119.0,Atlanta Hawks,136.0,
"Fri, Feb 24, 2023",7:30p,Miami Heat,99.0,Milwaukee Bucks,128.0,
"Fri, Feb 24, 2023",8:00p,Brooklyn Nets,87.0,Chicago Bulls,131.0,
"Fri, Feb 24, 2023",8:00p,Charlotte Hornets,121.0,Minnesota Timberwolves,113.0,
"Fri, Feb 24, 2023",10:00p,Houston Rockets,101.0,Golden State Warriors,116.0,
"Fri, Feb 24, 2023",10:00p,Oklahoma City Thunder,115.0,Phoenix Suns,124.0,
"Fri, Feb 24, 2023",10:30p,Sacramento Kings,176.0,Los Angeles Clippers,175.0,
"Sat, Feb 25, 2023",12:00p,Toronto Raptors,95.0,Detroit Pistons,91.0,
"Sat, Feb 25, 2023",7:00p,Miami Heat,103.0,Charlotte Hornets,108.0,
"Sat, Feb 25, 2023",7:00p,Indiana Pacers,121.0,Orlando Magic,108.0,
"Sat, Feb 25, 2023",7:30p,New Orleans Pelicans,106.0,New York Knicks,128.0,
"Sat, Feb 25, 2023",8:00p,Denver Nuggets,94.0,Memphis Grizzlies,112.0,
"Sat, Feb 25, 2023",8:30p,Boston Celtics,110.0,Philadelphia 76ers,107.0,
"Sat, Feb 25, 2023",9:00p,San Antonio Spurs,102.0,Utah Jazz,118.0,
"Sun, Feb 26, 2023",1:00p,Phoenix Suns,101.0,Milwaukee Bucks,104.0,
"Sun, Feb 26, 2023",3:00p,Brooklyn Nets,127.0,Atlanta Hawks,129.0,
"Sun, Feb 26, 2023",3:30p,Washington Wizards,82.0,Chicago Bulls,102.0,
"Sun, Feb 26, 2023",3:30p,Los Angeles Lakers,111.0,Dallas Mavericks,108.0,
"Sun, Feb 26, 2023",6:00p,Toronto Raptors,93.0,Cleveland Cavaliers,118.0,
"Sun, Feb 26, 2023",7:00p,Sacramento Kings,124.0,Oklahoma City Thunder,115.0,
"Sun, Feb 26, 2023",7:30p,Minnesota Timberwolves,104.0,Golden State Warriors,109.0,
"Sun, Feb 26, 2023",9:00p,Houston Rockets,114.0,Portland Trail Blazers,131.0,
"Sun, Feb 26, 2023",10:00p,Los Angeles Clippers,124.0,Denver Nuggets,134.0,
"Mon, Feb 27, 2023",7:00p,Detroit Pistons,106.0,Charlotte Hornets,117.0,
"Mon, Feb 27, 2023",7:00p,Miami Heat,101.0,Philadelphia 76ers,99.0,
"Mon, Feb 27, 2023",7:30p,Boston Celtics,94.0,New York Knicks,109.0,
"Mon, Feb 27, 2023",8:00p,Orlando Magic,101.0,New Orleans Pelicans,93.0,
"Tue, Feb 28, 2023",7:30p,Washington Wizards,119.0,Atlanta Hawks,116.0,
"Tue, Feb 28, 2023",7:30p,Milwaukee Bucks,118.0,Brooklyn Nets,104.0,
"Tue, Feb 28, 2023",7:30p,Los Angeles Lakers,109.0,Memphis Grizzlies,121.0,
"Tue, Feb 28, 2023",7:30p,Chicago Bulls,98.0,Toronto Raptors,104.0,
"Tue, Feb 28, 2023",8:00p,Denver Nuggets,133.0,Houston Rockets,112.0,
"Tue, Feb 28, 2023",8:00p,Sacramento Kings,123.0,Oklahoma City Thunder,117.0,
"Tue, Feb 28, 2023",8:30p,Indiana Pacers,124.0,Dallas Mavericks,122.0,
"Tue, Feb 28, 2023",9:00p,San Antonio Spurs,102.0,Utah Jazz,94.0,
"Tue, Feb 28, 2023",10:00p,Portland Trail Blazers,105.0,Golden State Warriors,123.0,
"Tue, Feb 28, 2023",10:00p,Minnesota Timberwolves,108.0,Los Angeles Clippers,101.0,
"Wed, Mar 1, 2023",7:00p,Phoenix Suns,105.0,Charlotte Hornets,91.0,
"Wed, Mar 1, 2023",7:00p,Chicago Bulls,117.0,Detroit Pistons,115.0,
"Wed, Mar 1, 2023",7:30p,Cleveland Cavaliers,113.0,Boston Celtics,117.0,
"Wed, Mar 1, 2023",7:30p,Philadelphia 76ers,119.0,Miami Heat,96.0,
"Wed, Mar 1, 2023",7:30p,Brooklyn Nets,118.0,New York Knicks,142.0,
"Wed, Mar 1, 2023",8:00p,Memphis Grizzlies,113.0,Houston Rockets,99.0,
"Wed, Mar 1, 2023",8:00p,Orlando Magic,117.0,Milwaukee Bucks,139.0,
"Wed, Mar 1, 2023",8:00p,Los Angeles Lakers,123.0,Oklahoma City Thunder,117.0,
"Wed, Mar 1, 2023",10:00p,New Orleans Pelicans,121.0,Portland Trail Blazers,110.0,
"Thu, Mar 2, 2023",7:00p,Toronto Raptors,108.0,Washington Wizards,119.0,
"Thu, Mar 2, 2023",7:30p,Philadelphia 76ers,126.0,Dallas Mavericks,133.0,
"Thu, Mar 2, 2023",8:30p,Indiana Pacers,99.0,San Antonio Spurs,110.0,
"Thu, Mar 2, 2023",10:00p,Los Angeles Clippers,91.0,Golden State Warriors,115.0,
"Fri, Mar 3, 2023",7:00p,Orlando Magic,117.0,Charlotte Hornets,106.0,
"Fri, Mar 3, 2023",7:30p,Portland Trail Blazers,111.0,Atlanta Hawks,129.0,
"Fri, Mar 3, 2023",7:30p,Brooklyn Nets,115.0,Boston Celtics,105.0,
"Fri, Mar 3, 2023",8:00p,Phoenix Suns,125.0,Chicago Bulls,104.0,
"Fri, Mar 3, 2023",8:00p,New York Knicks,122.0,Miami Heat,120.0,
"Fri, Mar 3, 2023",8:00p,Utah Jazz,103.0,Oklahoma City Thunder,130.0,
"Fri, Mar 3, 2023",10:00p,Memphis Grizzlies,97.0,Denver Nuggets,113.0,
"Fri, Mar 3, 2023",10:00p,New Orleans Pelicans,99.0,Golden State Warriors,108.0,
"Fri, Mar 3, 2023",10:00p,Los Angeles Clippers,127.0,Sacramento Kings,128.0,
"Fri, Mar 3, 2023",10:30p,Minnesota Timberwolves,110.0,Los Angeles Lakers,102.0,
"Sat, Mar 4, 2023",5:00p,Toronto Raptors,116.0,Washington Wizards,109.0,
"Sat, Mar 4, 2023",7:30p,Detroit Pistons,90.0,Cleveland Cavaliers,114.0,
"Sat, Mar 4, 2023",8:00p,Atlanta Hawks,109.0,Miami Heat,117.0,
"Sat, Mar 4, 2023",8:00p,Houston Rockets,122.0,San Antonio Spurs,110.0,
"Sat, Mar 4, 2023",8:30p,Philadelphia 76ers,133.0,Milwaukee Bucks,130.0,
"Sat, Mar 4, 2023",10:00p,Minnesota Timberwolves,138.0,Sacramento Kings,134.0,
"Sun, Mar 5, 2023",1:00p,Phoenix Suns,130.0,Dallas Mavericks,126.0,
"Sun, Mar 5, 2023",3:30p,Indiana Pacers,125.0,Chicago Bulls,122.0,
"Sun, Mar 5, 2023",3:30p,Golden State Warriors,105.0,Los Angeles Lakers,113.0,
"Sun, Mar 5, 2023",6:00p,Charlotte Hornets,86.0,Brooklyn Nets,102.0,
"Sun, Mar 5, 2023",6:00p,Portland Trail Blazers,122.0,Orlando Magic,119.0,
"Sun, Mar 5, 2023",7:00p,San Antonio Spurs,110.0,Houston Rockets,142.0,
"Sun, Mar 5, 2023",7:00p,Utah Jazz,119.0,Oklahoma City Thunder,129.0,
"Sun, Mar 5, 2023",7:30p,New York Knicks,131.0,Boston Celtics,129.0,
"Sun, Mar 5, 2023",7:30p,Milwaukee Bucks,117.0,Washington Wizards,111.0,
"Sun, Mar 5, 2023",10:00p,Memphis Grizzlies,129.0,Los Angeles Clippers,135.0,
"Mon, Mar 6, 2023",7:00p,Boston Celtics,114.0,Cleveland Cavaliers,118.0,
"Mon, Mar 6, 2023",7:00p,Portland Trail Blazers,110.0,Detroit Pistons,104.0,
"Mon, Mar 6, 2023",7:00p,Philadelphia 76ers,147.0,Indiana Pacers,143.0,
"Mon, Mar 6, 2023",7:30p,Atlanta Hawks,128.0,Miami Heat,130.0,
"Mon, Mar 6, 2023",9:00p,Toronto Raptors,113.0,Denver Nuggets,118.0,
"Mon, Mar 6, 2023",10:00p,New Orleans Pelicans,108.0,Sacramento Kings,123.0,
"Tue, Mar 7, 2023",7:00p,Washington Wizards,119.0,Detroit Pistons,117.0,
"Tue, Mar 7, 2023",7:00p,Milwaukee Bucks,134.0,Orlando Magic,123.0,
"Tue, Mar 7, 2023",7:30p,Philadelphia 76ers,117.0,Minnesota Timberwolves,94.0,
"Tue, Mar 7, 2023",7:30p,Charlotte Hornets,112.0,New York Knicks,105.0,
"Tue, Mar 7, 2023",8:00p,Brooklyn Nets,118.0,Houston Rockets,96.0,
"Tue, Mar 7, 2023",8:00p,Golden State Warriors,128.0,Oklahoma City Thunder,137.0,
"Tue, Mar 7, 2023",8:30p,Utah Jazz,116.0,Dallas Mavericks,120.0,
"Tue, Mar 7, 2023",10:00p,Memphis Grizzlies,103.0,Los Angeles Lakers,112.0,
"Wed, Mar 8, 2023",7:00p,Atlanta Hawks,122.0,Washington Wizards,120.0,
"Wed, Mar 8, 2023",7:30p,Portland Trail Blazers,93.0,Boston Celtics,115.0,
"Wed, Mar 8, 2023",7:30p,Cleveland Cavaliers,104.0,Miami Heat,100.0,
"Wed, Mar 8, 2023",7:30p,Dallas Mavericks,106.0,New Orleans Pelicans,113.0,
"Wed, Mar 8, 2023",9:00p,Chicago Bulls,117.0,Denver Nuggets,96.0,
"Wed, Mar 8, 2023",9:00p,Oklahoma City Thunder,101.0,Phoenix Suns,132.0,
"Wed, Mar 8, 2023",10:00p,Toronto Raptors,100.0,Los Angeles Clippers,108.0,
"Thu, Mar 9, 2023",7:00p,Charlotte Hornets,113.0,Detroit Pistons,103.0,
"Thu, Mar 9, 2023",7:00p,Houston Rockets,125.0,Indiana Pacers,134.0,
"Thu, Mar 9, 2023",7:00p,Utah Jazz,131.0,Orlando Magic,124.0,
"Thu, Mar 9, 2023",7:30p,Golden State Warriors,110.0,Memphis Grizzlies,131.0,
"Thu, Mar 9, 2023",8:00p,Brooklyn Nets,113.0,Milwaukee Bucks,118.0,
"Thu, Mar 9, 2023",10:00p,New York Knicks,117.0,Sacramento Kings,122.0,
"Fri, Mar 10, 2023",7:00p,Portland Trail Blazers,119.0,Philadelphia 76ers,120.0,
"Fri, Mar 10, 2023",7:00p,Atlanta Hawks,114.0,Washington Wizards,107.0,
"Fri, Mar 10, 2023",8:00p,Cleveland Cavaliers,115.0,Miami Heat,119.0,
"Fri, Mar 10, 2023",8:00p,Brooklyn Nets,124.0,Minnesota Timberwolves,123.0,
"Fri, Mar 10, 2023",8:00p,Denver Nuggets,120.0,San Antonio Spurs,128.0,
"Fri, Mar 10, 2023",10:30p,Toronto Raptors,112.0,Los Angeles Lakers,122.0,
"Sat, Mar 11, 2023",4:00p,New York Knicks,95.0,Los Angeles Clippers,106.0,
"Sat, Mar 11, 2023",7:00p,Utah Jazz,119.0,Charlotte Hornets,111.0,
"Sat, Mar 11, 2023",7:00p,Indiana Pacers,121.0,Detroit Pistons,115.0,
"Sat, Mar 11, 2023",7:00p,Miami Heat,114.0,Orlando Magic,126.0,
"Sat, Mar 11, 2023",7:30p,Boston Celtics,134.0,Atlanta Hawks,125.0,
"Sat, Mar 11, 2023",8:00p,Chicago Bulls,119.0,Houston Rockets,111.0,
"Sat, Mar 11, 2023",8:00p,Dallas Mavericks,108.0,Memphis Grizzlies,112.0,
"Sat, Mar 11, 2023",8:30p,Milwaukee Bucks,116.0,Golden State Warriors,125.0,
"Sat, Mar 11, 2023",8:30p,Oklahoma City Thunder,110.0,New Orleans Pelicans,96.0,
"Sat, Mar 11, 2023",9:00p,Sacramento Kings,128.0,Phoenix Suns,119.0,
"Sun, Mar 12, 2023",3:30p,Brooklyn Nets,122.0,Denver Nuggets,120.0,
"Sun, Mar 12, 2023",5:00p,Cleveland Cavaliers,114.0,Charlotte Hornets,108.0,
"Sun, Mar 12, 2023",6:00p,Washington Wizards,93.0,Philadelphia 76ers,112.0,
"Sun, Mar 12, 2023",7:00p,Portland Trail Blazers,110.0,New Orleans Pelicans,127.0,
"Sun, Mar 12, 2023",7:00p,Oklahoma City Thunder,102.0,San Antonio Spurs,90.0,
"Sun, Mar 12, 2023",9:00p,New York Knicks,112.0,Los Angeles Lakers,108.0,
"Mon, Mar 13, 2023",7:00p,Indiana Pacers,97.0,Detroit Pistons,117.0,
"Mon, Mar 13, 2023",7:30p,Minnesota Timberwolves,136.0,Atlanta Hawks,115.0,
"Mon, Mar 13, 2023",7:30p,Memphis Grizzlies,104.0,Dallas Mavericks,88.0,
"Mon, Mar 13, 2023",7:30p,Utah Jazz,115.0,Miami Heat,119.0,
"Mon, Mar 13, 2023",8:00p,Boston Celtics,109.0,Houston Rockets,111.0,
"Mon, Mar 13, 2023",10:00p,Phoenix Suns,112.0,Golden State Warriors,123.0,
"Mon, Mar 13, 2023",10:00p,Milwaukee Bucks,133.0,Sacramento Kings,124.0,
"Tue, Mar 14, 2023",7:00p,Cleveland Cavaliers,120.0,Charlotte Hornets,104.0,
"Tue, Mar 14, 2023",7:00p,Detroit Pistons,97.0,Washington Wizards,117.0,
"Tue, Mar 14, 2023",7:30p,Denver Nuggets,110.0,Toronto Raptors,125.0,
"Tue, Mar 14, 2023",8:00p,Los Angeles Lakers,123.0,New Orleans Pelicans,108.0,
"Tue, Mar 14, 2023",8:00p,Brooklyn Nets,107.0,Oklahoma City Thunder,121.0,
"Tue, Mar 14, 2023",8:00p,Orlando Magic,114.0,San Antonio Spurs,132.0,
"Tue, Mar 14, 2023",10:00p,Milwaukee Bucks,116.0,Phoenix Suns,104.0,
"Tue, Mar 14, 2023",10:00p,New York Knicks,123.0,Portland Trail Blazers,107.0,
"Wed, Mar 15, 2023",7:30p,Philadelphia 76ers,118.0,Cleveland Cavaliers,109.0,
"Wed, Mar 15, 2023",7:30p,Memphis Grizzlies,119.0,Miami Heat,138.0,
"Wed, Mar 15, 2023",8:00p,Sacramento Kings,117.0,Chicago Bulls,114.0,
"Wed, Mar 15, 2023",8:00p,Los Angeles Lakers,110.0,Houston Rockets,114.0,
"Wed, Mar 15, 2023",8:00p,Boston Celtics,104.0,Minnesota Timberwolves,102.0,
"Wed, Mar 15, 2023",8:30p,Dallas Mavericks,137.0,San Antonio Spurs,128.0,
"Wed, Mar 15, 2023",10:00p,Golden State Warriors,126.0,Los Angeles Clippers,134.0,
"Thu, Mar 16, 2023",7:00p,Denver Nuggets,119.0,Detroit Pistons,100.0,
"Thu, Mar 16, 2023",7:30p,Sacramento Kings,101.0,Brooklyn Nets,96.0,
"Thu, Mar 16, 2023",7:30p,Oklahoma City Thunder,111.0,Toronto Raptors,128.0,
"Thu, Mar 16, 2023",8:00p,Indiana Pacers,139.0,Milwaukee Bucks,123.0,
"Thu, Mar 16, 2023",10:00p,Orlando Magic,113.0,Phoenix Suns,116.0,
"Fri, Mar 17, 2023",7:00p,Philadelphia 76ers,121.0,Charlotte Hornets,82.0,
"Fri, Mar 17, 2023",7:30p,Golden State Warriors,119.0,Atlanta Hawks,127.0,
"Fri, Mar 17, 2023",7:30p,Washington Wizards,94.0,Cleveland Cavaliers,117.0,
"Fri, Mar 17, 2023",8:00p,Minnesota Timberwolves,131.0,Chicago Bulls,139.0,
"Fri, Mar 17, 2023",8:00p,New Orleans Pelicans,112.0,Houston Rockets,114.0,
"Fri, Mar 17, 2023",8:00p,Memphis Grizzlies,126.0,San Antonio Spurs,120.0,
"Fri, Mar 17, 2023",10:00p,Boston Celtics,126.0,Portland Trail Blazers,112.0,
"Fri, Mar 17, 2023",10:30p,Dallas Mavericks,111.0,Los Angeles Lakers,110.0,
"Sat, Mar 18, 2023",1:00p,Denver Nuggets,110.0,New York Knicks,116.0,
"Sat, Mar 18, 2023",3:00p,Orlando Magic,113.0,Los Angeles Clippers,108.0,
"Sat, Mar 18, 2023",7:00p,Philadelphia 76ers,141.0,Indiana Pacers,121.0,
"Sat, Mar 18, 2023",7:00p,Minnesota Timberwolves,107.0,Toronto Raptors,122.0,
"Sat, Mar 18, 2023",8:00p,Miami Heat,99.0,Chicago Bulls,113.0,
"Sat, Mar 18, 2023",8:00p,Golden State Warriors,119.0,Memphis Grizzlies,133.0,
"Sat, Mar 18, 2023",8:00p,Sacramento Kings,132.0,Washington Wizards,118.0,
"Sat, Mar 18, 2023",9:00p,Boston Celtics,117.0,Utah Jazz,118.0,
"Sun, Mar 19, 2023",3:30p,Denver Nuggets,108.0,Brooklyn Nets,102.0,
"Sun, Mar 19, 2023",3:30p,Phoenix Suns,120.0,Oklahoma City Thunder,124.0,
"Sun, Mar 19, 2023",4:00p,Atlanta Hawks,118.0,San Antonio Spurs,126.0,
"Sun, Mar 19, 2023",6:00p,Miami Heat,112.0,Detroit Pistons,100.0,
"Sun, Mar 19, 2023",7:00p,New Orleans Pelicans,117.0,Houston Rockets,107.0,
"Sun, Mar 19, 2023",8:00p,Toronto Raptors,111.0,Milwaukee Bucks,118.0,
"Sun, Mar 19, 2023",9:00p,Los Angeles Clippers,117.0,Portland Trail Blazers,102.0,
"Sun, Mar 19, 2023",9:30p,Orlando Magic,105.0,Los Angeles Lakers,111.0,
"Mon, Mar 20, 2023",7:00p,Indiana Pacers,109.0,Charlotte Hornets,115.0,
"Mon, Mar 20, 2023",7:00p,Chicago Bulls,109.0,Philadelphia 76ers,105.0,
"Mon, Mar 20, 2023",7:30p,Minnesota Timberwolves,140.0,New York Knicks,134.0,
"Mon, Mar 20, 2023",8:00p,Golden State Warriors,121.0,Houston Rockets,108.0,
"Mon, Mar 20, 2023",8:00p,Dallas Mavericks,108.0,Memphis Grizzlies,112.0,
"Mon, Mar 20, 2023",9:00p,Sacramento Kings,120.0,Utah Jazz,128.0,
"Tue, Mar 21, 2023",7:00p,Washington Wizards,112.0,Orlando Magic,122.0,
"Tue, Mar 21, 2023",7:30p,Detroit Pistons,107.0,Atlanta Hawks,129.0,
"Tue, Mar 21, 2023",7:30p,Cleveland Cavaliers,115.0,Brooklyn Nets,109.0,
"Tue, Mar 21, 2023",8:00p,San Antonio Spurs,84.0,New Orleans Pelicans,119.0,
"Tue, Mar 21, 2023",10:00p,Boston Celtics,132.0,Sacramento Kings,109.0,
"Tue, Mar 21, 2023",10:30p,Oklahoma City Thunder,101.0,Los Angeles Clippers,100.0,
"Wed, Mar 22, 2023",7:00p,Denver Nuggets,118.0,Washington Wizards,104.0,
"Wed, Mar 22, 2023",7:30p,Golden State Warriors,127.0,Dallas Mavericks,125.0,
"Wed, Mar 22, 2023",7:30p,New York Knicks,120.0,Miami Heat,127.0,
"Wed, Mar 22, 2023",7:30p,Indiana Pacers,118.0,Toronto Raptors,114.0,
"Wed, Mar 22, 2023",8:00p,Philadelphia 76ers,116.0,Chicago Bulls,91.0,
"Wed, Mar 22, 2023",8:00p,Houston Rockets,125.0,Memphis Grizzlies,130.0,
"Wed, Mar 22, 2023",8:00p,San Antonio Spurs,94.0,Milwaukee Bucks,130.0,
"Wed, Mar 22, 2023",8:00p,Atlanta Hawks,124.0,Minnesota Timberwolves,125.0,
"Wed, Mar 22, 2023",9:00p,Portland Trail Blazers,127.0,Utah Jazz,115.0,
"Wed, Mar 22, 2023",10:00p,Phoenix Suns,111.0,Los Angeles Lakers,122.0,
"Thu, Mar 23, 2023",7:00p,New York Knicks,106.0,Orlando Magic,111.0,
"Thu, Mar 23, 2023",7:30p,Cleveland Cavaliers,116.0,Brooklyn Nets,114.0,
"Thu, Mar 23, 2023",8:00p,Charlotte Hornets,96.0,New Orleans Pelicans,115.0,
"Thu, Mar 23, 2023",10:30p,Oklahoma City Thunder,105.0,Los Angeles Clippers,127.0,
"Fri, Mar 24, 2023",7:00p,Indiana Pacers,95.0,Boston Celtics,120.0,
"Fri, Mar 24, 2023",7:00p,San Antonio Spurs,124.0,Washington Wizards,136.0,
"Fri, Mar 24, 2023",7:30p,Detroit Pistons,97.0,Toronto Raptors,118.0,
"Fri, Mar 24, 2023",8:00p,Houston Rockets,114.0,Memphis Grizzlies,151.0,
"Fri, Mar 24, 2023",8:30p,Charlotte Hornets,117.0,Dallas Mavericks,109.0,
"Fri, Mar 24, 2023",9:00p,Milwaukee Bucks,144.0,Utah Jazz,116.0,
"Fri, Mar 24, 2023",10:00p,Philadelphia 76ers,112.0,Golden State Warriors,120.0,
"Fri, Mar 24, 2023",10:00p,Chicago Bulls,124.0,Portland Trail Blazers,96.0,
"Fri, Mar 24, 2023",10:00p,Phoenix Suns,127.0,Sacramento Kings,135.0,
"Fri, Mar 24, 2023",10:30p,Oklahoma City Thunder,111.0,Los Angeles Lakers,116.0,
"Sat, Mar 25, 2023",5:00p,Indiana Pacers,130.0,Atlanta Hawks,143.0,
"Sat, Mar 25, 2023",8:00p,Brooklyn Nets,129.0,Miami Heat,100.0,
"Sat, Mar 25, 2023",9:00p,Milwaukee Bucks,106.0,Denver Nuggets,129.0,
"Sat, Mar 25, 2023",10:00p,Philadelphia 76ers,105.0,Phoenix Suns,125.0,
"Sat, Mar 25, 2023",10:00p,Utah Jazz,113.0,Sacramento Kings,121.0,
"Sat, Mar 25, 2023",10:30p,New Orleans Pelicans,131.0,Los Angeles Clippers,110.0,
"Sun, Mar 26, 2023",1:00p,Dallas Mavericks,104.0,Charlotte Hornets,110.0,
"Sun, Mar 26, 2023",3:30p,Chicago Bulls,118.0,Los Angeles Lakers,108.0,
"Sun, Mar 26, 2023",6:00p,Memphis Grizzlies,123.0,Atlanta Hawks,119.0,
"Sun, Mar 26, 2023",6:00p,San Antonio Spurs,93.0,Boston Celtics,137.0,
"Sun, Mar 26, 2023",6:00p,Houston Rockets,91.0,Cleveland Cavaliers,108.0,
"Sun, Mar 26, 2023",6:00p,Brooklyn Nets,106.0,Orlando Magic,119.0,
"Sun, Mar 26, 2023",6:00p,Washington Wizards,104.0,Toronto Raptors,114.0,
"Sun, Mar 26, 2023",7:00p,Oklahoma City Thunder,118.0,Portland Trail Blazers,112.0,
"Sun, Mar 26, 2023",8:30p,Minnesota Timberwolves,99.0,Golden State Warriors,96.0,
"Mon, Mar 27, 2023",7:00p,Milwaukee Bucks,126.0,Detroit Pistons,117.0,
"Mon, Mar 27, 2023",7:00p,Dallas Mavericks,127.0,Indiana Pacers,104.0,
"Mon, Mar 27, 2023",7:30p,Houston Rockets,115.0,New York Knicks,137.0,
"Mon, Mar 27, 2023",9:00p,Phoenix Suns,117.0,Utah Jazz,103.0,
"Mon, Mar 27, 2023",9:30p,Philadelphia 76ers,111.0,Denver Nuggets,116.0,
"Mon, Mar 27, 2023",10:00p,New Orleans Pelicans,124.0,Portland Trail Blazers,90.0,
"Mon, Mar 27, 2023",10:00p,Minnesota Timberwolves,119.0,Sacramento Kings,115.0,
"Mon, Mar 27, 2023",10:30p,Chicago Bulls,112.0,Los Angeles Clippers,124.0,
"Tue, Mar 28, 2023",7:00p,Boston Celtics,111.0,Washington Wizards,130.0,
"Tue, Mar 28, 2023",7:30p,Cleveland Cavaliers,118.0,Atlanta Hawks,120.0,
"Tue, Mar 28, 2023",7:30p,Miami Heat,92.0,Toronto Raptors,106.0,
"Tue, Mar 28, 2023",8:00p,Orlando Magic,108.0,Memphis Grizzlies,113.0,
"Tue, Mar 28, 2023",8:00p,Charlotte Hornets,137.0,Oklahoma City Thunder,134.0,
"Tue, Mar 28, 2023",10:00p,New Orleans Pelicans,109.0,Golden State Warriors,120.0,
"Wed, Mar 29, 2023",7:00p,Milwaukee Bucks,149.0,Indiana Pacers,136.0,
"Wed, Mar 29, 2023",7:30p,Houston Rockets,114.0,Brooklyn Nets,123.0,
"Wed, Mar 29, 2023",7:30p,Miami Heat,92.0,New York Knicks,101.0,
"Wed, Mar 29, 2023",7:30p,Dallas Mavericks,108.0,Philadelphia 76ers,116.0,
"Wed, Mar 29, 2023",8:00p,Los Angeles Lakers,121.0,Chicago Bulls,110.0,
"Wed, Mar 29, 2023",8:00p,Los Angeles Clippers,141.0,Memphis Grizzlies,132.0,
"Wed, Mar 29, 2023",8:00p,Detroit Pistons,106.0,Oklahoma City Thunder,107.0,
"Wed, Mar 29, 2023",8:00p,Utah Jazz,128.0,San Antonio Spurs,117.0,
"Wed, Mar 29, 2023",10:00p,Minnesota Timberwolves,100.0,Phoenix Suns,107.0,
"Wed, Mar 29, 2023",10:00p,Sacramento Kings,120.0,Portland Trail Blazers,80.0,
"Thu, Mar 30, 2023",7:30p,Boston Celtics,140.0,Milwaukee Bucks,99.0,
"Thu, Mar 30, 2023",10:00p,New Orleans Pelicans,107.0,Denver Nuggets,88.0,
"Fri, Mar 31, 2023",7:00p,Chicago Bulls,121.0,Charlotte Hornets,91.0,
"Fri, Mar 31, 2023",7:00p,Oklahoma City Thunder,117.0,Indiana Pacers,121.0,
"Fri, Mar 31, 2023",7:00p,Toronto Raptors,110.0,Philadelphia 76ers,117.0,
"Fri, Mar 31, 2023",7:00p,Orlando Magic,116.0,Washington Wizards,109.0,
"Fri, Mar 31, 2023",7:30p,Utah Jazz,114.0,Boston Celtics,122.0,
"Fri, Mar 31, 2023",7:30p,Atlanta Hawks,107.0,Brooklyn Nets,124.0,
"Fri, Mar 31, 2023",7:30p,New York Knicks,130.0,Cleveland Cavaliers,116.0,
"Fri, Mar 31, 2023",8:00p,Detroit Pistons,115.0,Houston Rockets,121.0,
"Fri, Mar 31, 2023",8:00p,Los Angeles Clippers,94.0,Memphis Grizzlies,108.0,
"Fri, Mar 31, 2023",8:00p,Los Angeles Lakers,123.0,Minnesota Timberwolves,111.0,
"Fri, Mar 31, 2023",10:00p,San Antonio Spurs,115.0,Golden State Warriors,130.0,
"Fri, Mar 31, 2023",10:00p,Sacramento Kings,138.0,Portland Trail Blazers,114.0,
"Fri, Mar 31, 2023",10:30p,Denver Nuggets,93.0,Phoenix Suns,100.0,
"Sat, Apr 1, 2023",7:30p,Dallas Mavericks,122.0,Miami Heat,129.0,
"Sat, Apr 1, 2023",8:30p,Los Angeles Clippers,114.0,New Orleans Pelicans,122.0,
"Sun, Apr 2, 2023",1:00p,Toronto Raptors,128.0,Charlotte Hornets,108.0,
"Sun, Apr 2, 2023",3:30p,Utah Jazz,110.0,Brooklyn Nets,111.0,
"Sun, Apr 2, 2023",3:30p,Memphis Grizzlies,107.0,Chicago Bulls,128.0,
"Sun, Apr 2, 2023",3:30p,Portland Trail Blazers,107.0,Minnesota Timberwolves,105.0,
"Sun, Apr 2, 2023",6:00p,Dallas Mavericks,130.0,Atlanta Hawks,132.0,
"Sun, Apr 2, 2023",6:00p,Washington Wizards,109.0,New York Knicks,118.0,
"Sun, Apr 2, 2023",6:00p,Detroit Pistons,102.0,Orlando Magic,128.0,
"Sun, Apr 2, 2023",6:00p,San Antonio Spurs,142.0,Sacramento Kings,134.0,
"Sun, Apr 2, 2023",7:00p,Los Angeles Lakers,134.0,Houston Rockets,109.0,
"Sun, Apr 2, 2023",7:00p,Phoenix Suns,128.0,Oklahoma City Thunder,118.0,
"Sun, Apr 2, 2023",8:00p,Indiana Pacers,105.0,Cleveland Cavaliers,115.0,
"Sun, Apr 2, 2023",8:00p,Philadelphia 76ers,104.0,Milwaukee Bucks,117.0,
"Sun, Apr 2, 2023",8:30p,Golden State Warriors,110.0,Denver Nuggets,112.0,
"Tue, Apr 4, 2023",7:00p,Toronto Raptors,120.0,Charlotte Hornets,100.0,
"Tue, Apr 4, 2023",7:00p,Miami Heat,118.0,Detroit Pistons,105.0,
"Tue, Apr 4, 2023",7:00p,Cleveland Cavaliers,117.0,Orlando Magic,113.0,
"Tue, Apr 4, 2023",7:00p,Milwaukee Bucks,140.0,Washington Wizards,128.0,
"Tue, Apr 4, 2023",7:30p,Minnesota Timberwolves,107.0,Brooklyn Nets,102.0,
"Tue, Apr 4, 2023",8:00p,Atlanta Hawks,123.0,Chicago Bulls,105.0,
"Tue, Apr 4, 2023",8:00p,Denver Nuggets,103.0,Houston Rockets,124.0,
"Tue, Apr 4, 2023",8:00p,Portland Trail Blazers,109.0,Memphis Grizzlies,119.0,
"Tue, Apr 4, 2023",8:00p,Sacramento Kings,121.0,New Orleans Pelicans,103.0,
"Tue, Apr 4, 2023",8:00p,Boston Celtics,101.0,Philadelphia 76ers,103.0,
"Tue, Apr 4, 2023",9:00p,Los Angeles Lakers,135.0,Utah Jazz,133.0,
"Tue, Apr 4, 2023",10:00p,Oklahoma City Thunder,125.0,Golden State Warriors,136.0,
"Tue, Apr 4, 2023",10:00p,San Antonio Spurs,94.0,Phoenix Suns,115.0,
"Wed, Apr 5, 2023",7:00p,Brooklyn Nets,123.0,Detroit Pistons,108.0,
"Wed, Apr 5, 2023",7:00p,New York Knicks,138.0,Indiana Pacers,129.0,
"Wed, Apr 5, 2023",7:30p,Washington Wizards,116.0,Atlanta Hawks,134.0,
"Wed, Apr 5, 2023",7:30p,Toronto Raptors,93.0,Boston Celtics,97.0,
"Wed, Apr 5, 2023",7:30p,Chicago Bulls,92.0,Milwaukee Bucks,105.0,
"Wed, Apr 5, 2023",8:00p,Memphis Grizzlies,131.0,New Orleans Pelicans,138.0,
"Wed, Apr 5, 2023",8:30p,Sacramento Kings,119.0,Dallas Mavericks,123.0,
"Wed, Apr 5, 2023",10:00p,Los Angeles Lakers,118.0,Los Angeles Clippers,125.0,
"Thu, Apr 6, 2023",7:00p,Cleveland Cavaliers,118.0,Orlando Magic,94.0,
"Thu, Apr 6, 2023",7:30p,Miami Heat,129.0,Philadelphia 76ers,101.0,
"Thu, Apr 6, 2023",8:00p,Portland Trail Blazers,127.0,San Antonio Spurs,129.0,
"Thu, Apr 6, 2023",9:00p,Oklahoma City Thunder,114.0,Utah Jazz,98.0,
"Thu, Apr 6, 2023",10:00p,Denver Nuggets,115.0,Phoenix Suns,119.0,
"Fri, Apr 7, 2023",7:00p,Houston Rockets,112.0,Charlotte Hornets,109.0,
"Fri, Apr 7, 2023",7:00p,Detroit Pistons,122.0,Indiana Pacers,115.0,
"Fri, Apr 7, 2023",7:00p,Miami Heat,108.0,Washington Wizards,114.0,
"Fri, Apr 7, 2023",7:30p,Philadelphia 76ers,136.0,Atlanta Hawks,131.0,
"Fri, Apr 7, 2023",7:30p,Toronto Raptors,102.0,Boston Celtics,121.0,
"Fri, Apr 7, 2023",7:30p,Orlando Magic,84.0,Brooklyn Nets,101.0,
"Fri, Apr 7, 2023",8:00p,Memphis Grizzlies,137.0,Milwaukee Bucks,114.0,
"Fri, Apr 7, 2023",8:00p,New York Knicks,105.0,New Orleans Pelicans,113.0,
"Fri, Apr 7, 2023",8:30p,Chicago Bulls,115.0,Dallas Mavericks,112.0,
"Fri, Apr 7, 2023",10:00p,Golden State Warriors,119.0,Sacramento Kings,97.0,
"Fri, Apr 7, 2023",10:30p,Phoenix Suns,107.0,Los Angeles Lakers,121.0,
"Sat, Apr 8, 2023",3:30p,Denver Nuggets,114.0,Utah Jazz,118.0,
"Sat, Apr 8, 2023",4:00p,Portland Trail Blazers,125.0,Los Angeles Clippers,136.0,
"Sat, Apr 8, 2023",4:00p,Minnesota Timberwolves,151.0,San Antonio Spurs,131.0,
"Sun, Apr 9, 2023",1:00p,Atlanta Hawks,114.0,Boston Celtics,120.0,
"Sun, Apr 9, 2023",1:00p,Philadelphia 76ers,134.0,Brooklyn Nets,105.0,
"Sun, Apr 9, 2023",1:00p,Detroit Pistons,81.0,Chicago Bulls,103.0,
"Sun, Apr 9, 2023",1:00p,Charlotte Hornets,106.0,Cleveland Cavaliers,95.0,
"Sun, Apr 9, 2023",1:00p,Orlando Magic,110.0,Miami Heat,123.0,
"Sun, Apr 9, 2023",1:00p,Indiana Pacers,141.0,New York Knicks,136.0,
"Sun, Apr 9, 2023",1:00p,Milwaukee Bucks,105.0,Toronto Raptors,121.0,
"Sun, Apr 9, 2023",1:00p,Houston Rockets,114.0,Washington Wizards,109.0,
"Sun, Apr 9, 2023",3:30p,San Antonio Spurs,138.0,Dallas Mavericks,117.0,
"Sun, Apr 9, 2023",3:30p,Sacramento Kings,95.0,Denver Nuggets,109.0,
"Sun, Apr 9, 2023",3:30p,Utah Jazz,117.0,Los Angeles Lakers,128.0,
"Sun, Apr 9, 2023",3:30p,New Orleans Pelicans,108.0,Minnesota Timberwolves,113.0,
"Sun, Apr 9, 2023",3:30p,Memphis Grizzlies,100.0,Oklahoma City Thunder,115.0,
"Sun, Apr 9, 2023",3:30p,Los Angeles Clippers,119.0,Phoenix Suns,114.0,
"Sun, Apr 9, 2023",3:30p,Golden State Warriors,157.0,Portland Trail Blazers,101.0,
"Tue, Apr 11, 2023",7:30p,Atlanta Hawks,116.0,Miami Heat,105.0,
"Tue, Apr 11, 2023",10:00p,Minnesota Timberwolves,102.0,Los Angeles Lakers,108.0,
"Wed, Apr 12, 2023",7:00p,Chicago Bulls,109.0,Toronto Raptors,105.0,
"Wed, Apr 12, 2023",9:30p,Oklahoma City Thunder,123.0,New Orleans Pelicans,118.0,
"Fri, Apr 14, 2023",7:00p,Chicago Bulls,91.0,Miami Heat,102.0,
"Fri, Apr 14, 2023",9:30p,Oklahoma City Thunder,95.0,Minnesota Timberwolves,120.0,
"Sat, Apr 15, 2023",1:00p,Brooklyn Nets,101.0,Philadelphia 76ers,121.0,
"Sat, Apr 15, 2023",3:30p,Atlanta Hawks,99.0,Boston Celtics,112.0,
"Sat, Apr 15, 2023",6:00p,New York Knicks,101.0,Cleveland Cavaliers,97.0,
"Sat, Apr 15, 2023",8:30p,Golden State Warriors,123.0,Sacramento Kings,126.0,
"Sun, Apr 16, 2023",3:00p,Los Angeles Lakers,128.0,Memphis Grizzlies,112.0,
"Sun, Apr 16, 2023",5:30p,Miami Heat,130.0,Milwaukee Bucks,117.0,
"Sun, Apr 16, 2023",8:00p,Los Angeles Clippers,115.0,Phoenix Suns,110.0,
"Sun, Apr 16, 2023",10:30p,Minnesota Timberwolves,80.0,Denver Nuggets,109.0,
"Mon, Apr 17, 2023",7:30p,Brooklyn Nets,84.0,Philadelphia 76ers,96.0,
"Mon, Apr 17, 2023",10:00p,Golden State Warriors,106.0,Sacramento Kings,114.0,
"Tue, Apr 18, 2023",7:00p,Atlanta Hawks,106.0,Boston Celtics,119.0,
"Tue, Apr 18, 2023",7:30p,New York Knicks,90.0,Cleveland Cavaliers,107.0,
"Tue, Apr 18, 2023",10:00p,Los Angeles Clippers,109.0,Phoenix Suns,123.0,
"Wed, Apr 19, 2023",7:30p,Los Angeles Lakers,93.0,Memphis Grizzlies,103.0,
"Wed, Apr 19, 2023",9:00p,Miami Heat,122.0,Milwaukee Bucks,138.0,
"Wed, Apr 19, 2023",10:00p,Minnesota Timberwolves,113.0,Denver Nuggets,122.0,
"Thu, Apr 20, 2023",7:30p,Philadelphia 76ers,102.0,Brooklyn Nets,97.0,
"Thu, Apr 20, 2023",10:00p,Sacramento Kings,97.0,Golden State Warriors,114.0,
"Thu, Apr 20, 2023",10:30p,Phoenix Suns,129.0,Los Angeles Clippers,124.0,
"Fri, Apr 21, 2023",7:00p,Boston Celtics,122.0,Atlanta Hawks,130.0,
"Fri, Apr 21, 2023",8:30p,Cleveland Cavaliers,79.0,New York Knicks,99.0,
"Fri, Apr 21, 2023",9:30p,Denver Nuggets,120.0,Minnesota Timberwolves,111.0,
"Sat, Apr 22, 2023",1:00p,Philadelphia 76ers,96.0,Brooklyn Nets,88.0,
"Sat, Apr 22, 2023",3:30p,Phoenix Suns,112.0,Los Angeles Clippers,100.0,
"Sat, Apr 22, 2023",7:30p,Milwaukee Bucks,99.0,Miami Heat,121.0,
"Sat, Apr 22, 2023",10:00p,Memphis Grizzlies,101.0,Los Angeles Lakers,111.0,
"Sun, Apr 23, 2023",1:00p,Cleveland Cavaliers,93.0,New York Knicks,102.0,
"Sun, Apr 23, 2023",3:30p,Sacramento Kings,125.0,Golden State Warriors,126.0,
"Sun, Apr 23, 2023",7:00p,Boston Celtics,129.0,Atlanta Hawks,121.0,
"Sun, Apr 23, 2023",9:30p,Denver Nuggets,108.0,Minnesota Timberwolves,114.0,
"Mon, Apr 24, 2023",7:30p,Milwaukee Bucks,114.0,Miami Heat,119.0,
"Mon, Apr 24, 2023",10:00p,Memphis Grizzlies,111.0,Los Angeles Lakers,117.0,
"Tue, Apr 25, 2023",7:30p,Atlanta Hawks,119.0,Boston Celtics,117.0,
"Tue, Apr 25, 2023",9:00p,Minnesota Timberwolves,109.0,Denver Nuggets,112.0,
"Tue, Apr 25, 2023",10:00p,Los Angeles Clippers,130.0,Phoenix Suns,136.0,
"Wed, Apr 26, 2023",7:00p,New York Knicks,106.0,Cleveland Cavaliers,95.0,
"Wed, Apr 26, 2023",7:30p,Los Angeles Lakers,99.0,Memphis Grizzlies,116.0,
"Wed, Apr 26, 2023",9:30p,Miami Heat,128.0,Milwaukee Bucks,126.0,
"Wed, Apr 26, 2023",10:00p,Golden State Warriors,123.0,Sacramento Kings,116.0,
"Thu, Apr 27, 2023",8:30p,Boston Celtics,128.0,Atlanta Hawks,120.0,
"Fri, Apr 28, 2023",8:00p,Sacramento Kings,118.0,Golden State Warriors,99.0,
"Fri, Apr 28, 2023",10:30p,Memphis Grizzlies,85.0,Los Angeles Lakers,125.0,
"Sat, Apr 29, 2023",8:30p,Phoenix Suns,107.0,Denver Nuggets,125.0,
"Sun, Apr 30, 2023",1:00p,Miami Heat,108.0,New York Knicks,101.0,
"Sun, Apr 30, 2023",3:30p,Golden State Warriors,120.0,Sacramento Kings,100.0,
"Mon, May 1, 2023",7:30p,Philadelphia 76ers,119.0,Boston Celtics,115.0,
"Mon, May 1, 2023",10:00p,Phoenix Suns,87.0,Denver Nuggets,97.0,
"Tue, May 2, 2023",7:30p,Miami Heat,105.0,New York Knicks,111.0,
"Tue, May 2, 2023",10:00p,Los Angeles Lakers,117.0,Golden State Warriors,112.0,
"Wed, May 3, 2023",8:00p,Philadelphia 76ers,87.0,Boston Celtics,121.0,
"Thu, May 4, 2023",9:00p,Los Angeles Lakers,100.0,Golden State Warriors,127.0,
"Fri, May 5, 2023",7:30p,Boston Celtics,114.0,Philadelphia 76ers,102.0,
"Fri, May 5, 2023",10:00p,Denver Nuggets,114.0,Phoenix Suns,121.0,
"Sat, May 6, 2023",3:30p,New York Knicks,86.0,Miami Heat,105.0,
"Sat, May 6, 2023",8:30p,Golden State Warriors,97.0,Los Angeles Lakers,127.0,
"Sun, May 7, 2023",3:30p,Boston Celtics,115.0,Philadelphia 76ers,116.0,
"Sun, May 7, 2023",8:00p,Denver Nuggets,124.0,Phoenix Suns,129.0,
"Mon, May 8, 2023",7:30p,New York Knicks,101.0,Miami Heat,109.0,
"Mon, May 8, 2023",10:00p,Golden State Warriors,101.0,Los Angeles Lakers,104.0,
"Tue, May 9, 2023",7:30p,Philadelphia 76ers,115.0,Boston Celtics,103.0,
"Tue, May 9, 2023",10:00p,Phoenix Suns,102.0,Denver Nuggets,118.0,
"Wed, May 10, 2023",7:30p,Miami Heat,103.0,New York Knicks,112.0,
"Wed, May 10, 2023",10:00p,Los Angeles Lakers,106.0,Golden State Warriors,121.0,
"Thu, May 11, 2023",7:30p,Boston Celtics,95.0,Philadelphia 76ers,86.0,
"Thu, May 11, 2023",10:00p,Denver Nuggets,125.0,Phoenix Suns,100.0,
"Fri, May 12, 2023",7:30p,New York Knicks,92.0,Miami Heat,96.0,
"Fri, May 12, 2023",10:00p,Golden State Warriors,101.0,Los Angeles Lakers,122.0,
"Sun, May 14, 2023",3:30p,Philadelphia 76ers,88.0,Boston Celtics,112.0,
"Tue, May 16, 2023",8:30p,Los Angeles Lakers,126.0,Denver Nuggets,132.0,
"Wed, May 17, 2023",8:30p,Miami Heat,123.0,Boston Celtics,116.0,
"Thu, May 18, 2023",8:30p,Los Angeles Lakers,103.0,Denver Nuggets,108.0,
"Fri, May 19, 2023",8:30p,Miami Heat,111.0,Boston Celtics,105.0,
"Sat, May 20, 2023",8:30p,Denver Nuggets,119.0,Los Angeles Lakers,108.0,
"Sun, May 21, 2023",8:30p,Boston Celtics,102.0,Miami Heat,128.0,
"Mon, May 22, 2023",8:30p,Denver Nuggets,113.0,Los Angeles Lakers,111.0,
"Tue, May 23, 2023",8:30p,Boston Celtics,116.0,Miami Heat,99.0,
"Thu, May 25, 2023",8:30p,Miami Heat,97.0,Boston Celtics,110.0,
"Sat, May 27, 2023",8:30p,Boston Celtics,104.0,Miami Heat,103.0,
"Mon, May 29, 2023",8:30p,Miami Heat,103.0,Boston Celtics,84.0,
"Thu, Jun 1, 2023",8:30p,Miami Heat,93.0,Denver Nuggets,104.0,
"Sun, Jun 4, 2023",8:00p,Miami Heat,111.0,Denver Nuggets,108.0,
"Wed, Jun 7, 2023",8:30p,Denver Nuggets,109.0,Miami Heat,94.0,
"Fri, Jun 9, 2023",8:30p,Denver Nuggets,108.0,Miami Heat,95.0,
"Mon, Jun 12, 2023",8:30p,Miami Heat,89.0,Denver Nuggets,94.0,
